"Policy_ID","Total_Distance","Drive_Score","Time_Day","Style_Score","Corner_Score","Acceleration_Score","Braking_Score","Total_Night_Time","Total_Time","Acceleration","Brake","Corner","Insured_Gender","Insured_Age","Claim"
"1",3649,67,109,85,86,88,84,34,79,"Low","Low","High","M",21,"no"
"2",9066,63,116,92,93,80,93,28,339,"High","High","High","F",20,"no"
"3",27156,74,73,55,61,49,64,24,464,"Low","High","High","F",30,"no"
"4",8558,77,108,74,67,91,82,25,437,"High","High","High","M",52,"no"
"5",17853,68,106,65,61,89,72,38,649,"High","High","High","M",21,"no"
"6",10196,84,63,32,32,40,46,20,437,"Low","Low","Low","M",34,"no"
"7",7357,71,108,91,92,94,90,23,349,"High","High","High","M",22,"no"
"8",853,16,136,16,19,16,21,27,24,"Low","Low","Low","M",29,"no"
"9",13240,61,117,64,30,51,87,38,523,"Low","High","Low","M",22,"yes"
"10",21928,80,105,33,27,42,50,21,500,"Low","High","Low","F",53,"yes"
"11",15144,80,100,60,54,79,75,12,431,"Low","High","High","M",26,"no"
"12",15146,87,93,34,50,16,18,21,419,"Low","Low","High","M",50,"no"
"13",5299,66,96,26,41,51,20,34,188,"Low","Low","Low","M",20,"no"
"14",18396,78,97,49,32,40,72,29,483,"Low","High","Low","F",31,"no"
"15",23040,51,104,86,90,41,59,25,503,"Low","High","High","M",24,"no"
"16",937,48,106,6,9,16,7,24,71,"Low","Low","Low","F",39,"no"
"17",23394,41,128,91,89,91,94,55,1100,"High","High","High","M",19,"no"
"18",18600,68,120,62,45,82,85,38,599,"Low","High","High","M",22,"no"
"19",16151,65,77,67,73,39,55,22,415,"Low","High","High","F",24,"no"
"20",19379,52,128,76,75,84,85,45,513,"Low","High","High","F",20,"no"
"21",16491,81,124,32,29,47,38,42,583,"Low","High","Low","M",34,"no"
"22",12348,67,52,75,76,77,66,26,349,"Low","High","High","F",20,"no"
"23",3227,63,117,60,67,16,61,37,80,"Low","Low","High","M",21,"no"
"24",13230,80,100,64,69,45,51,23,361,"Low","High","High","F",22,"no"
"25",13234,59,72,94,90,92,98,15,431,"High","High","High","M",31,"no"
"26",1486,50,116,87,81,89,91,22,62,"Low","High","High","M",23,"no"
"27",13336,87,96,51,62,75,19,23,432,"Low","Low","High","F",20,"no"
"28",6503,87,87,59,64,54,51,24,266,"Low","Low","High","F",32,"no"
"29",14395,59,116,93,95,88,82,32,519,"High","High","High","M",29,"no"
"30",23937,77,112,47,34,54,74,24,701,"Low","High","Low","M",56,"no"
"31",5362,93,104,46,41,81,60,29,181,"Low","Low","Low","F",21,"no"
"32",1359,39,125,18,9,16,26,38,79,"Low","Low","Low","M",42,"no"
"33",10646,70,97,80,84,83,58,24,301,"Low","High","High","F",21,"no"
"34",14069,58,98,93,92,88,89,28,473,"High","High","High","F",22,"no"
"35",5581,41,128,75,82,64,82,46,168,"Low","High","High","M",22,"no"
"36",10081,69,112,86,76,97,62,33,441,"High","High","High","M",22,"no"
"37",1031,8,140,6,9,16,7,39,26,"Low","Low","Low","F",26,"no"
"38",9237,74,109,20,32,16,16,39,499,"Low","Low","Low","M",22,"no"
"39",14705,65,87,78,80,47,71,31,316,"Low","High","High","M",21,"no"
"40",9914,75,116,72,38,84,90,32,552,"Low","High","Low","F",32,"no"
"41",6930,95,100,30,22,61,42,25,330,"Low","Low","Low","M",39,"no"
"42",10273,93,96,33,34,55,43,18,249,"Low","Low","Low","M",39,"no"
"43",11040,58,51,89,91,67,80,13,245,"Low","High","High","M",40,"no"
"44",14495,78,89,66,71,32,64,15,538,"Low","High","High","M",26,"no"
"45",17855,76,34,38,41,16,42,19,369,"Low","High","Low","M",22,"no"
"46",12180,39,136,52,65,63,30,40,265,"Low","High","High","F",23,"no"
"47",3836,85,101,51,60,60,45,33,275,"Low","Low","Low","F",38,"yes"
"48",16770,49,109,97,97,95,96,32,538,"High","High","High","M",20,"no"
"49",37525,53,120,74,82,57,75,41,1063,"Low","High","High","F",23,"no"
"50",5423,31,128,88,91,81,97,27,121,"Low","High","High","M",20,"no"
"51",5929,70,94,20,25,16,24,22,116,"Low","Low","Low","F",23,"no"
"52",14433,45,117,99,99,96,93,42,532,"High","High","High","M",20,"no"
"53",7394,65,120,90,90,81,94,40,296,"Low","High","High","M",21,"yes"
"54",27201,53,112,83,82,92,94,34,820,"Low","High","High","F",20,"yes"
"55",10569,38,113,86,82,95,82,26,330,"High","High","High","M",20,"yes"
"56",11273,72,91,71,76,16,42,35,228,"Low","High","High","M",25,"no"
"57",12862,61,113,83,85,63,72,41,344,"Low","High","High","M",22,"no"
"58",21801,49,116,91,92,95,90,44,817,"High","High","High","M",18,"no"
"59",3453,23,80,53,49,65,59,22,214,"Low","High","High","F",21,"no"
"60",5413,69,95,93,93,93,86,33,165,"High","High","High","F",20,"no"
"61",1787,88,79,40,47,16,43,22,75,"Low","Low","Low","M",21,"no"
"62",13592,70,108,77,79,77,62,31,318,"Low","High","High","M",20,"no"
"63",9502,70,116,82,86,49,77,40,347,"Low","High","High","M",23,"no"
"64",16118,74,106,56,57,61,51,43,465,"Low","High","High","M",22,"yes"
"65",4191,82,100,89,89,95,88,16,248,"Low","High","High","M",29,"no"
"66",30845,73,104,74,70,84,78,24,543,"Low","High","High","M",28,"no"
"67",7539,90,96,90,38,99,47,5,226,"High","High","Low","M",24,"no"
"68",39459,73,100,67,69,61,73,23,1084,"Low","High","High","F",32,"no"
"69",14085,56,109,96,97,94,100,32,343,"High","High","High","M",19,"no"
"70",10888,60,124,88,92,49,74,46,392,"Low","High","High","M",24,"no"
"71",18082,76,74,32,50,16,32,19,391,"Low","Low","High","F",27,"yes"
"72",12443,67,101,81,87,77,91,23,622,"Low","High","High","M",50,"no"
"73",6163,97,96,23,30,16,26,32,294,"Low","Low","Low","M",54,"no"
"74",116,8,140,29,45,16,7,36,12,"Low","Low","Low","M",31,"no"
"75",9659,87,93,75,81,54,47,23,233,"Low","Low","High","F",19,"no"
"76",5416,93,96,57,22,52,84,12,267,"Low","High","Low","M",31,"no"
"77",14766,53,94,91,90,85,92,25,519,"Low","High","High","F",26,"yes"
"78",12450,83,120,42,51,36,32,42,251,"Low","Low","High","M",24,"no"
"79",3751,89,104,17,26,16,18,32,85,"Low","Low","Low","F",28,"no"
"80",8722,34,124,100,100,16,57,26,282,"Low","High","High","F",26,"no"
"81",13109,51,124,95,94,62,92,35,553,"Low","High","High","F",21,"no"
"82",14699,70,101,81,58,97,84,30,620,"High","High","High","F",24,"no"
"83",12412,92,96,18,20,16,25,21,424,"Low","Low","Low","M",25,"no"
"84",19730,73,116,33,35,72,27,38,734,"Low","Low","Low","F",21,"no"
"85",830,10,144,70,74,41,69,47,31,"Low","High","High","M",23,"no"
"86",27252,64,108,80,78,63,63,33,561,"Low","High","High","F",20,"no"
"87",15950,81,89,72,75,67,63,7,471,"Low","Low","High","M",34,"no"
"88",30355,42,91,96,97,92,90,29,719,"High","High","High","M",18,"no"
"89",8655,80,109,37,43,75,27,35,260,"Low","Low","Low","F",26,"no"
"90",10063,88,96,58,63,51,63,15,267,"Low","High","High","M",30,"no"
"91",5582,87,87,60,30,16,85,23,372,"Low","High","Low","F",30,"no"
"92",2853,98,61,6,9,16,7,4,151,"Low","Low","Low","F",34,"no"
"93",15923,54,104,93,94,85,88,20,482,"High","High","High","M",23,"yes"
"94",32175,49,112,87,90,62,42,41,731,"Low","High","High","M",24,"no"
"95",17232,48,132,79,80,89,85,47,549,"High","High","High","M",24,"no"
"96",12734,79,106,52,60,16,43,39,429,"Low","High","High","F",21,"no"
"97",6565,82,90,75,80,55,63,12,156,"Low","Low","High","M",22,"no"
"98",17364,52,128,79,86,46,86,50,788,"Low","High","High","M",21,"no"
"99",6407,86,84,62,63,58,69,23,231,"Low","High","High","M",66,"no"
"100",19761,55,105,82,81,38,73,29,390,"Low","High","High","M",27,"no"
"101",11535,53,70,92,93,87,89,23,368,"Low","High","High","F",21,"no"
"102",294,14,120,80,82,95,68,28,240,"Low","High","High","M",20,"no"
"103",11334,54,91,94,83,99,98,21,353,"High","High","High","M",20,"no"
"104",12352,82,104,68,71,84,63,16,338,"High","High","High","F",28,"no"
"105",4588,89,75,68,65,80,81,22,259,"Low","High","High","M",26,"no"
"106",19572,43,120,99,99,86,97,34,555,"High","High","High","M",19,"no"
"107",3635,84,113,69,51,83,86,41,143,"Low","High","Low","F",23,"no"
"108",7786,62,109,100,100,88,95,25,216,"Low","High","High","M",19,"no"
"109",8763,91,108,32,37,64,31,30,166,"Low","Low","Low","F",24,"no"
"110",15848,69,91,63,36,63,88,36,434,"Low","High","Low","F",21,"no"
"111",11582,70,97,85,84,81,92,22,287,"Low","High","High","M",19,"no"
"112",4916,72,59,49,50,57,46,19,221,"Low","Low","High","F",19,"no"
"113",13555,67,101,62,60,54,75,18,281,"Low","High","High","F",24,"yes"
"114",7484,91,108,37,23,47,60,29,264,"Low","High","Low","F",51,"no"
"115",10066,90,96,53,22,46,79,10,428,"Low","High","Low","F",24,"no"
"116",9659,71,93,90,89,37,94,15,361,"Low","High","High","F",20,"no"
"117",19669,78,100,60,69,39,54,26,738,"Low","High","High","F",28,"no"
"118",8193,56,113,89,88,87,96,36,441,"Low","High","High","M",27,"yes"
"119",8163,73,101,87,85,16,94,28,332,"Low","High","High","M",22,"no"
"120",21234,38,113,95,96,91,89,36,779,"High","High","High","F",23,"no"
"121",29786,84,100,33,35,16,37,22,607,"Low","High","Low","F",28,"yes"
"122",8804,52,109,98,99,94,95,48,348,"High","High","High","M",22,"no"
"123",15465,55,128,83,85,78,76,44,420,"Low","High","High","F",20,"no"
"124",7244,72,97,83,85,74,82,27,167,"Low","Low","High","M",22,"no"
"125",18665,77,120,43,56,16,28,37,381,"Low","Low","High","M",20,"no"
"126",6205,95,96,44,40,64,59,16,260,"Low","High","Low","M",37,"no"
"127",7687,71,105,47,52,54,53,21,343,"Low","Low","High","F",25,"yes"
"128",11042,70,113,76,79,67,74,26,310,"Low","High","High","F",32,"no"
"129",12058,81,116,54,60,71,45,32,474,"Low","Low","High","M",20,"yes"
"130",12370,69,100,86,72,96,94,21,454,"High","High","High","F",23,"no"
"131",13578,80,104,56,41,41,81,25,621,"Low","High","Low","M",53,"no"
"132",17755,82,116,25,36,42,19,40,522,"Low","Low","Low","M",33,"no"
"133",25658,68,108,66,70,85,71,24,672,"High","High","High","M",22,"yes"
"134",17102,74,128,50,53,16,56,50,450,"Low","High","High","M",27,"no"
"135",10610,53,132,92,90,98,94,53,361,"High","High","High","M",22,"yes"
"136",5219,57,132,99,100,94,99,52,179,"High","High","High","M",19,"no"
"137",7055,65,113,97,96,52,46,40,233,"Low","Low","High","M",21,"no"
"138",10910,81,116,57,52,54,75,36,571,"Low","High","High","M",31,"yes"
"139",4698,90,112,55,61,64,67,28,258,"Low","High","Low","M",34,"no"
"140",10342,56,120,97,98,83,91,43,265,"Low","High","High","M",21,"no"
"141",2168,98,79,18,9,16,26,12,63,"Low","Low","Low","M",24,"no"
"142",13281,48,113,91,93,96,93,35,344,"High","High","High","F",21,"no"
"143",6795,92,101,35,24,16,56,35,426,"Low","Low","Low","F",26,"no"
"144",14005,84,128,19,24,47,21,52,253,"Low","Low","Low","M",26,"no"
"145",6858,82,105,40,51,36,33,24,136,"Low","Low","Low","F",25,"no"
"146",13925,60,97,96,97,92,87,27,348,"High","High","High","M",19,"no"
"147",2691,71,58,85,87,67,71,3,182,"Low","Low","High","M",30,"no"
"148",15343,63,108,87,76,87,98,37,769,"Low","High","High","F",21,"yes"
"149",7345,93,100,82,84,49,81,15,230,"Low","High","High","F",35,"no"
"150",2469,86,94,59,9,16,85,24,136,"Low","High","Low","F",41,"no"
"151",13825,82,104,63,48,89,73,23,323,"Low","High","Low","M",27,"no"
"152",6446,90,112,47,39,16,73,24,276,"Low","High","Low","M",23,"no"
"153",17692,67,105,75,74,68,85,32,985,"Low","High","High","F",27,"no"
"154",17330,78,110,26,36,38,23,40,376,"Low","Low","Low","F",42,"no"
"155",9122,77,108,61,63,16,59,31,315,"Low","High","High","F",20,"no"
"156",7776,83,116,31,37,65,37,23,196,"Low","Low","Low","F",23,"no"
"157",11658,87,90,43,52,58,40,19,226,"Low","Low","High","M",19,"yes"
"158",24833,54,116,80,74,84,85,44,693,"High","High","High","F",19,"no"
"159",14536,72,100,73,76,87,46,22,475,"Low","High","High","M",22,"no"
"160",16399,81,104,51,63,16,34,28,494,"Low","Low","High","F",22,"no"
"161",7783,84,94,19,9,16,28,23,344,"Low","Low","Low","F",26,"no"
"162",9266,82,102,55,61,16,57,34,358,"Low","High","High","F",22,"no"
"163",5189,79,100,92,94,88,78,19,175,"High","High","High","M",20,"no"
"164",5127,36,110,97,95,75,99,38,265,"Low","High","High","M",20,"no"
"165",16207,75,91,55,52,61,65,36,440,"Low","High","High","M",28,"no"
"166",6233,94,82,48,49,61,59,12,238,"Low","Low","Low","F",20,"no"
"167",12837,76,73,67,56,88,78,18,384,"Low","High","High","M",20,"no"
"168",18189,51,105,99,99,99,99,33,659,"High","High","High","M",58,"no"
"169",15095,52,94,97,98,95,91,26,479,"High","High","High","M",20,"no"
"170",17376,82,104,48,49,57,51,22,391,"Low","High","High","M",28,"no"
"171",12608,73,112,66,64,52,84,27,307,"Low","High","High","F",50,"no"
"172",7635,77,116,77,77,16,80,39,221,"Low","High","High","M",22,"no"
"173",17796,73,97,33,25,46,50,7,419,"Low","High","Low","F",41,"no"
"174",5286,65,112,89,89,81,68,24,219,"Low","High","High","M",37,"yes"
"175",17561,75,112,63,69,34,57,30,351,"Low","High","High","F",21,"no"
"176",6629,93,100,43,59,16,42,22,171,"Low","Low","Low","M",68,"no"
"177",12602,55,120,96,97,98,67,42,348,"High","High","High","M",21,"no"
"178",16735,74,65,64,63,57,68,17,505,"Low","High","High","F",25,"yes"
"179",7645,91,90,37,40,16,37,25,200,"Low","Low","Low","M",32,"no"
"180",8191,88,100,58,59,49,70,13,202,"Low","High","High","M",29,"no"
"181",2576,38,128,21,35,16,7,40,68,"Low","Low","Low","F",20,"no"
"182",6153,96,93,28,27,16,40,20,201,"Low","Low","Low","F",38,"no"
"183",8723,88,109,27,31,70,22,28,270,"Low","Low","Low","F",20,"no"
"184",13750,72,112,70,61,50,88,34,560,"Low","High","High","F",27,"yes"
"185",13858,74,104,71,74,81,68,22,502,"Low","High","High","M",19,"yes"
"186",2474,87,104,55,9,93,41,8,160,"High","Low","Low","M",62,"no"
"187",14163,46,132,98,95,99,99,50,827,"High","High","High","M",20,"no"
"188",4342,88,108,28,23,55,40,13,123,"Low","Low","Low","M",52,"no"
"189",11695,87,116,19,22,45,22,40,416,"Low","Low","Low","M",29,"no"
"190",5384,90,112,48,41,16,72,40,190,"Low","High","Low","M",34,"no"
"191",639,38,76,100,100,100,100,19,340,"High","High","High","F",20,"no"
"192",5740,64,116,99,99,93,95,34,267,"Low","High","High","M",24,"no"
"193",2761,2,144,46,52,64,45,39,69,"Low","High","High","M",20,"yes"
"194",847,11,133,68,49,91,55,32,37,"High","High","High","M",22,"no"
"195",19172,82,101,46,61,16,19,44,332,"Low","Low","High","M",21,"no"
"196",10043,75,116,78,71,69,87,37,338,"Low","High","High","M",24,"no"
"197",16904,75,100,68,67,80,82,24,830,"High","High","High","F",26,"yes"
"198",12400,53,101,72,79,80,59,12,186,"Low","High","High","M",38,"no"
"199",12998,58,116,78,77,90,88,34,483,"High","High","High","F",28,"no"
"200",29617,67,63,53,69,40,51,28,612,"Low","High","High","M",21,"yes"
"201",9208,54,109,81,82,78,85,22,314,"Low","High","High","M",21,"no"
"202",16879,74,124,56,53,81,53,44,567,"Low","High","High","M",27,"no"
"203",4092,25,140,35,47,70,30,51,147,"Low","Low","High","F",22,"no"
"204",2704,94,94,47,57,77,17,35,108,"Low","Low","Low","F",60,"no"
"205",6987,31,128,83,83,86,91,43,364,"High","High","High","F",20,"no"
"206",17799,76,104,66,66,55,74,28,379,"Low","High","High","F",28,"no"
"207",21296,80,100,54,46,89,36,17,685,"High","Low","High","M",20,"no"
"208",9504,71,102,76,78,77,81,30,477,"Low","High","High","M",26,"no"
"209",11843,59,98,95,96,96,92,23,549,"High","High","High","M",20,"no"
"210",8541,39,120,84,84,65,86,29,274,"Low","High","High","M",20,"no"
"211",29005,42,77,91,84,97,97,29,729,"High","High","High","M",30,"no"
"212",5680,96,104,16,9,16,23,39,167,"Low","Low","Low","M",24,"no"
"213",15206,46,124,98,98,85,96,43,926,"Low","High","High","M",21,"no"
"214",17697,68,117,62,60,80,69,42,482,"Low","High","High","F",26,"yes"
"215",8549,80,108,56,63,47,68,21,310,"Low","High","High","F",20,"no"
"216",9599,91,90,28,20,66,39,24,219,"Low","Low","Low","F",22,"no"
"217",5633,92,73,40,41,77,36,22,463,"Low","Low","Low","M",35,"no"
"218",10955,43,128,72,72,61,68,59,632,"Low","High","High","M",19,"no"
"219",10178,82,101,29,36,44,31,24,328,"Low","Low","Low","M",26,"no"
"220",12708,83,93,64,29,59,86,21,529,"Low","High","Low","M",22,"yes"
"221",3105,100,96,18,9,16,26,16,199,"Low","Low","Low","F",58,"no"
"222",3223,80,112,85,82,16,96,34,166,"Low","High","High","F",25,"no"
"223",13419,71,116,73,69,76,84,37,647,"Low","High","High","M",20,"yes"
"224",17105,70,116,64,61,82,71,27,472,"Low","High","High","M",21,"yes"
"225",8791,60,56,91,85,98,95,20,371,"High","High","High","F",24,"yes"
"226",19601,52,112,96,95,88,96,30,593,"High","High","High","M",35,"no"
"227",9314,83,104,75,43,73,96,23,257,"Low","High","Low","F",46,"no"
"228",1501,9,144,67,58,90,62,55,83,"High","High","High","M",20,"no"
"229",13611,52,116,86,82,92,89,32,393,"High","High","High","M",22,"no"
"230",5811,94,96,54,51,82,58,31,235,"Low","High","Low","M",35,"no"
"231",8856,75,68,82,78,74,86,20,283,"Low","High","High","F",24,"no"
"232",15735,76,69,56,48,67,73,19,292,"Low","High","High","M",24,"no"
"233",14646,86,90,22,26,42,28,24,508,"Low","Low","Low","M",28,"no"
"234",6766,89,112,55,58,67,59,33,236,"Low","High","Low","M",19,"no"
"235",15297,53,98,42,39,49,60,30,445,"Low","High","Low","M",42,"no"
"236",26302,82,108,27,36,56,24,26,645,"Low","Low","Low","M",19,"no"
"237",6599,91,101,37,46,64,52,19,162,"Low","Low","High","F",20,"no"
"238",7692,63,74,73,77,69,35,30,286,"Low","Low","High","M",23,"no"
"239",14952,85,82,47,53,16,49,20,401,"Low","High","Low","F",20,"no"
"240",5712,85,83,43,48,54,40,13,167,"Low","Low","Low","M",27,"no"
"241",5654,90,61,51,59,65,44,5,180,"Low","Low","High","M",21,"no"
"242",20483,88,96,17,9,38,22,22,580,"Low","Low","Low","F",34,"no"
"243",8867,85,100,18,26,37,20,5,227,"Low","Low","Low","M",35,"no"
"244",5610,79,73,69,67,87,46,24,256,"High","High","High","F",32,"no"
"245",13973,66,109,83,79,84,87,50,363,"Low","High","High","M",37,"no"
"246",9746,87,98,45,46,50,50,28,279,"Low","High","High","F",25,"no"
"247",13342,64,105,86,89,74,67,32,346,"Low","High","High","F",24,"no"
"248",8356,83,83,70,75,80,54,23,233,"Low","High","High","F",18,"no"
"249",6201,52,120,32,28,69,38,6,241,"Low","Low","Low","M",39,"no"
"250",24594,80,104,52,52,56,62,29,638,"Low","High","High","M",21,"no"
"251",15027,74,104,72,62,16,88,28,703,"Low","High","High","M",21,"no"
"252",4479,99,96,14,19,16,16,16,187,"Low","Low","Low","F",24,"no"
"253",14429,61,112,86,79,71,94,26,464,"Low","High","High","F",34,"no"
"254",8438,90,100,54,57,50,63,8,243,"Low","High","High","F",31,"no"
"255",8057,90,96,60,51,82,69,11,324,"High","High","High","M",65,"no"
"256",16765,67,128,65,73,52,57,42,524,"Low","High","High","M",24,"no"
"257",5121,94,108,31,30,16,45,29,152,"Low","Low","Low","F",22,"no"
"258",23920,57,114,74,76,89,35,44,496,"High","High","High","M",21,"no"
"259",1689,69,103,45,50,43,47,48,47,"Low","Low","Low","F",22,"no"
"260",16644,63,45,70,70,90,47,20,286,"High","High","High","M",22,"no"
"261",4267,31,128,99,99,73,89,42,376,"Low","High","High","M",24,"yes"
"262",607,7,144,15,9,41,19,66,28,"Low","Low","Low","F",29,"no"
"263",8092,67,105,26,23,16,40,15,198,"Low","Low","Low","F",19,"no"
"264",24348,67,95,94,96,50,33,31,598,"Low","High","High","M",22,"no"
"265",10798,68,113,72,25,56,94,34,445,"Low","High","Low","F",20,"yes"
"266",13391,40,117,96,97,64,61,39,396,"Low","High","High","M",20,"no"
"267",6752,90,90,38,43,45,43,26,207,"Low","Low","Low","F",45,"no"
"268",8085,88,93,59,67,76,48,19,236,"Low","Low","High","M",38,"no"
"269",10494,69,65,77,74,80,92,21,527,"Low","High","High","F",47,"no"
"270",10562,77,101,78,84,16,42,24,338,"Low","Low","High","M",31,"no"
"271",18148,64,104,94,95,85,90,23,671,"High","High","High","M",19,"no"
"272",12282,74,100,86,55,98,95,21,392,"High","High","High","F",32,"no"
"273",17062,81,98,46,31,56,73,32,482,"Low","High","Low","F",22,"no"
"274",13515,56,80,89,87,57,74,27,438,"Low","High","High","M",25,"no"
"275",30132,44,56,82,84,69,71,24,523,"Low","High","High","M",23,"yes"
"276",15116,79,128,38,50,16,47,44,549,"Low","High","High","M",25,"no"
"277",2709,66,106,79,82,80,71,43,95,"Low","Low","High","M",22,"no"
"278",4951,88,124,90,81,99,81,40,248,"High","High","High","F",47,"no"
"279",15562,72,108,67,75,48,29,18,620,"Low","Low","High","M",38,"no"
"280",18951,55,113,80,80,60,89,40,801,"Low","High","High","F",20,"no"
"281",18859,77,84,39,40,67,45,31,524,"Low","High","Low","F",51,"no"
"282",626,40,132,6,9,16,7,46,42,"Low","Low","Low","F",27,"no"
"283",7256,58,113,97,98,54,72,40,241,"Low","Low","High","M",20,"no"
"284",789,62,102,17,9,16,24,26,31,"Low","Low","Low","M",21,"no"
"285",8221,79,112,59,60,43,71,12,175,"Low","High","High","M",21,"no"
"286",6179,86,112,66,57,85,63,38,222,"Low","Low","High","M",21,"no"
"287",30047,65,117,57,53,89,40,55,761,"High","High","High","M",23,"no"
"288",5765,23,124,59,66,74,51,31,182,"Low","High","High","M",30,"no"
"289",15830,62,116,71,78,16,81,43,628,"Low","High","High","F",22,"yes"
"290",10365,83,88,66,40,86,79,28,556,"High","High","Low","M",27,"yes"
"291",12485,87,112,33,27,56,50,34,421,"Low","High","Low","M",21,"yes"
"292",4743,18,140,22,35,16,24,41,171,"Low","Low","Low","M",24,"no"
"293",17156,50,91,84,83,58,82,34,465,"Low","High","High","M",20,"no"
"294",21540,42,140,78,75,72,89,58,890,"Low","High","High","F",21,"no"
"295",11213,74,98,70,72,66,68,35,437,"Low","High","High","M",24,"yes"
"296",3940,75,120,99,99,78,99,40,354,"Low","High","High","M",23,"no"
"297",15142,69,100,81,67,96,90,19,734,"High","High","High","M",20,"yes"
"298",13276,84,108,34,48,58,38,27,440,"Low","Low","Low","M",20,"no"
"299",3869,47,96,89,87,84,94,20,133,"Low","High","High","F",21,"no"
"300",5131,79,83,79,84,87,69,25,223,"Low","High","High","M",20,"no"
"301",16382,73,112,71,59,81,90,34,632,"High","High","High","M",20,"no"
"302",21374,84,104,39,47,52,41,35,611,"Low","High","Low","M",29,"no"
"303",25295,54,120,81,83,83,82,37,617,"Low","High","High","F",20,"no"
"304",8156,67,120,91,86,98,90,38,412,"High","High","High","F",19,"no"
"305",12144,78,116,61,38,16,85,32,429,"Low","High","Low","F",35,"no"
"306",2474,80,87,27,9,16,43,22,144,"Low","Low","Low","F",20,"yes"
"307",10364,28,113,88,90,87,87,26,361,"High","High","High","M",29,"no"
"308",40377,85,96,35,26,35,52,19,782,"Low","High","Low","F",29,"no"
"309",8496,52,112,84,46,99,24,27,233,"Low","Low","Low","F",31,"no"
"310",8729,72,100,91,90,93,84,28,253,"High","High","High","F",20,"no"
"311",7367,90,116,46,51,16,53,47,196,"Low","Low","Low","F",23,"no"
"312",7606,87,91,55,53,62,59,28,270,"Low","Low","Low","M",32,"no"
"313",1599,81,100,96,96,97,96,12,45,"High","High","High","M",21,"no"
"314",3234,82,113,60,53,76,69,43,191,"Low","Low","Low","M",33,"no"
"315",8222,88,112,50,58,60,56,31,270,"Low","Low","High","M",31,"no"
"316",23569,48,116,90,93,77,53,41,574,"Low","High","High","M",20,"no"
"317",3854,94,116,37,43,34,35,43,141,"Low","Low","Low","M",18,"no"
"318",11180,70,62,75,78,86,77,27,377,"High","High","High","M",21,"no"
"319",17397,72,104,74,41,81,95,25,856,"Low","High","High","F",24,"no"
"320",13066,65,100,94,95,94,97,30,455,"High","High","High","M",28,"no"
"321",13766,35,125,86,76,98,91,51,550,"High","High","High","M",25,"no"
"322",1757,12,140,26,29,55,32,56,59,"Low","Low","Low","M",20,"no"
"323",4819,97,100,26,32,16,24,12,224,"Low","Low","Low","M",35,"no"
"324",12034,55,124,99,97,85,99,38,409,"High","High","High","M",22,"no"
"325",15166,80,112,44,53,72,57,26,545,"Low","High","High","M",21,"no"
"326",11227,78,109,36,35,39,50,24,404,"Low","Low","Low","M",21,"yes"
"327",10922,67,105,82,89,40,76,29,503,"Low","High","High","F",19,"no"
"328",16306,63,80,75,83,34,79,20,494,"Low","High","High","F",23,"no"
"329",20904,68,116,67,65,71,67,37,597,"Low","High","High","F",21,"no"
"330",13473,60,88,70,68,71,80,24,300,"Low","High","High","M",18,"no"
"331",11855,70,62,28,40,16,20,17,269,"Low","Low","Low","F",19,"no"
"332",15297,61,105,68,69,92,72,38,414,"High","High","High","M",21,"yes"
"333",9598,55,105,91,94,76,70,43,333,"Low","High","High","M",21,"no"
"334",15716,70,112,71,66,72,80,28,470,"Low","High","High","M",24,"no"
"335",11230,90,104,28,32,50,34,25,327,"Low","Low","Low","F",38,"yes"
"336",22251,83,116,30,19,16,49,47,644,"Low","High","Low","M",33,"no"
"337",5507,49,128,33,48,16,36,41,198,"Low","Low","High","M",34,"no"
"338",12092,74,96,84,81,96,72,18,414,"High","High","High","M",29,"no"
"339",14247,91,96,21,29,33,25,8,306,"Low","Low","Low","M",56,"no"
"340",6337,50,106,39,41,72,45,18,154,"Low","High","High","M",21,"yes"
"341",12093,59,124,96,96,89,95,37,450,"High","High","High","M",19,"no"
"342",14511,78,105,49,39,40,75,36,551,"Low","High","Low","M",20,"no"
"343",7380,84,112,65,59,55,83,30,319,"Low","High","High","F",19,"no"
"344",10441,82,116,58,66,16,46,30,466,"Low","Low","High","M",32,"no"
"345",12491,63,104,99,99,99,99,24,484,"High","High","High","F",21,"no"
"346",7179,83,120,60,45,16,84,32,215,"Low","High","Low","F",23,"no"
"347",9167,52,117,81,81,45,86,33,390,"Low","High","High","F",20,"yes"
"348",8885,91,104,38,38,43,53,26,271,"Low","Low","Low","F",29,"no"
"349",5189,79,93,86,71,99,84,19,337,"High","Low","Low","F",31,"no"
"350",23582,50,120,78,74,94,76,40,592,"High","High","High","M",23,"yes"
"351",16848,70,100,86,90,79,63,22,311,"High","High","High","M",20,"no"
"352",6950,92,96,51,41,43,75,11,347,"Low","High","Low","F",30,"no"
"353",15987,68,112,69,77,58,56,28,374,"Low","High","High","F",21,"no"
"354",20438,75,112,66,75,74,54,27,350,"Low","High","High","M",19,"no"
"355",1358,83,112,84,82,16,93,37,84,"Low","High","Low","M",34,"no"
"356",13319,59,98,93,93,59,87,32,299,"Low","High","High","F",55,"yes"
"357",13301,61,108,94,93,97,95,29,445,"High","High","High","M",21,"yes"
"358",9359,91,97,36,20,55,55,25,289,"Low","Low","Low","F",33,"no"
"359",2807,84,76,69,68,77,89,19,161,"Low","High","Low","F",24,"no"
"360",21647,69,112,68,71,35,72,26,526,"Low","High","High","F",23,"no"
"361",12133,91,96,29,32,16,38,14,386,"Low","Low","Low","F",21,"no"
"362",13603,71,105,83,64,96,89,29,514,"High","High","High","M",19,"no"
"363",31942,38,99,97,97,97,98,35,799,"High","High","High","M",23,"no"
"364",18296,54,90,96,97,57,75,27,427,"Low","High","High","F",19,"no"
"365",10823,64,97,93,95,16,94,34,340,"Low","High","High","M",28,"yes"
"366",10246,63,90,93,87,98,93,19,276,"High","High","High","M",20,"yes"
"367",9880,88,108,42,42,65,39,30,289,"Low","Low","Low","F",19,"no"
"368",3624,28,121,12,9,16,14,44,139,"Low","Low","Low","M",34,"no"
"369",5923,97,96,13,9,16,15,7,223,"Low","Low","Low","F",24,"no"
"370",9054,71,121,73,72,63,76,49,362,"Low","High","High","M",23,"no"
"371",10060,74,52,66,28,85,85,24,284,"Low","High","Low","F",21,"no"
"372",5395,87,80,75,67,95,69,36,213,"High","High","High","M",23,"no"
"373",13191,82,96,64,73,16,29,34,324,"Low","Low","High","F",24,"no"
"374",11935,63,108,89,94,78,93,32,376,"Low","High","High","M",20,"yes"
"375",7785,72,94,43,52,16,43,23,303,"Low","Low","High","F",32,"no"
"376",8879,72,91,84,87,16,69,31,333,"Low","High","High","M",21,"no"
"377",17015,73,120,56,22,51,81,41,583,"Low","High","Low","M",20,"no"
"378",16452,73,108,67,54,92,82,30,458,"High","High","High","M",43,"no"
"379",16545,85,108,36,29,66,50,20,430,"Low","High","Low","F",21,"no"
"380",20034,82,112,36,44,56,50,28,467,"Low","High","High","F",21,"no"
"381",25276,82,109,16,20,16,19,30,490,"Low","Low","Low","M",54,"yes"
"382",17425,57,117,76,66,32,94,44,964,"Low","High","High","M",20,"no"
"383",8882,78,100,89,89,70,53,18,228,"Low","Low","High","F",20,"no"
"384",28634,66,76,66,33,84,85,21,1007,"Low","High","High","M",37,"no"
"385",23329,57,82,88,88,91,90,21,457,"High","High","High","M",23,"no"
"386",12740,34,124,93,92,82,79,45,272,"High","High","High","M",21,"no"
"387",10595,65,101,90,92,79,61,31,240,"Low","High","High","M",18,"no"
"388",12820,64,95,76,69,50,93,27,341,"Low","High","High","M",58,"no"
"389",20578,46,113,86,81,96,91,39,641,"High","High","High","M",20,"no"
"390",11905,84,98,32,40,39,42,26,470,"Low","High","Low","F",23,"yes"
"391",7190,95,96,30,27,46,43,12,176,"Low","Low","Low","F",32,"no"
"392",11314,60,98,64,74,76,60,20,273,"Low","High","High","F",19,"no"
"393",7983,88,41,46,41,67,55,23,259,"Low","High","Low","F",33,"no"
"394",1443,95,108,56,9,84,71,31,92,"Low","Low","Low","F",40,"no"
"395",16122,58,93,86,89,84,63,23,380,"Low","High","High","F",20,"no"
"396",3378,71,76,73,74,69,63,18,147,"Low","Low","High","M",21,"no"
"397",19871,65,104,82,83,56,79,18,503,"Low","High","High","M",37,"no"
"398",6332,69,92,84,85,95,93,28,173,"Low","High","High","M",27,"no"
"399",8999,90,108,41,48,16,46,27,204,"Low","High","High","F",23,"no"
"400",6954,94,86,20,23,39,27,19,279,"Low","Low","Low","M",28,"no"
"401",14485,48,124,69,76,70,61,34,435,"Low","High","High","M",18,"no"
"402",24736,48,124,94,92,88,94,44,703,"High","High","High","M",24,"yes"
"403",5764,83,73,68,70,80,79,24,173,"Low","High","High","F",22,"no"
"404",11693,62,104,99,99,72,70,26,258,"Low","High","High","F",26,"no"
"405",3503,47,124,21,9,16,31,28,135,"Low","Low","Low","F",22,"no"
"406",20100,66,100,85,83,94,80,20,809,"High","High","High","M",19,"no"
"407",14645,36,114,37,35,80,33,22,270,"Low","High","Low","F",23,"no"
"408",14410,79,108,37,50,16,28,18,301,"Low","Low","High","F",45,"no"
"409",39054,78,112,44,58,16,21,41,769,"Low","Low","High","M",46,"no"
"410",22666,62,70,67,70,77,47,30,558,"High","High","High","M",20,"no"
"411",5014,62,74,92,93,74,93,24,176,"Low","High","High","M",20,"no"
"412",847,61,109,81,82,70,19,31,42,"Low","Low","Low","M",59,"no"
"413",8297,61,124,97,97,95,95,43,355,"High","High","High","M",22,"no"
"414",9698,75,100,80,82,62,65,26,269,"Low","High","High","M",28,"no"
"415",10398,71,120,73,75,69,85,37,337,"Low","High","High","F",20,"no"
"416",6789,77,70,99,56,100,100,29,296,"Low","Low","High","F",29,"no"
"417",10760,56,77,95,97,45,82,28,314,"Low","High","High","M",53,"no"
"418",4914,54,132,91,86,90,85,64,182,"Low","High","High","M",20,"no"
"419",10455,85,108,62,46,64,77,34,289,"Low","High","Low","M",22,"no"
"420",10722,86,100,59,58,70,79,25,325,"Low","High","High","F",20,"yes"
"421",19765,63,116,72,73,77,66,34,528,"Low","High","High","M",20,"no"
"422",9969,73,104,76,69,78,71,23,282,"Low","Low","High","F",23,"yes"
"423",9930,81,100,90,71,98,97,22,527,"High","High","Low","F",32,"no"
"424",14711,58,99,74,78,88,86,31,331,"Low","High","High","M",19,"no"
"425",14119,59,116,82,83,16,89,37,596,"Low","High","High","M",29,"no"
"426",12094,79,100,67,60,43,91,33,529,"Low","High","High","F",22,"yes"
"427",14777,42,109,91,92,89,92,37,446,"High","High","High","M",20,"no"
"428",3417,67,83,60,21,16,85,24,177,"Low","Low","Low","M",23,"no"
"429",5376,78,97,86,88,48,89,21,173,"Low","High","High","M",19,"no"
"430",13591,49,120,88,88,94,90,35,431,"Low","High","High","F",23,"no"
"431",8104,59,109,79,74,76,87,47,289,"Low","High","High","M",25,"no"
"432",15270,49,94,97,97,93,95,26,304,"High","High","High","M",20,"yes"
"433",15154,83,106,32,31,16,51,41,453,"Low","High","Low","F",20,"no"
"434",13389,41,128,82,84,75,58,46,319,"Low","High","High","M",20,"no"
"435",13564,75,108,68,72,78,46,20,465,"High","High","High","M",20,"no"
"436",2647,7,144,41,59,39,26,67,62,"Low","Low","High","M",20,"no"
"437",26293,45,116,95,96,86,94,34,761,"High","High","High","M",26,"yes"
"438",15084,81,112,25,27,47,34,24,281,"Low","Low","Low","M",37,"no"
"439",7830,21,118,95,96,81,72,33,256,"High","High","High","M",24,"no"
"440",16977,49,116,93,93,79,91,29,396,"Low","High","High","M",31,"no"
"441",8176,80,108,78,38,97,89,27,461,"High","High","Low","F",22,"no"
"442",25136,54,116,79,79,86,82,34,577,"Low","High","High","M",21,"no"
"443",29368,69,116,61,65,34,64,33,683,"Low","High","High","M",21,"no"
"444",8333,68,73,83,60,54,97,19,313,"Low","High","High","F",30,"yes"
"445",5048,86,100,65,81,16,53,20,191,"Low","Low","High","M",20,"no"
"446",13316,53,98,97,96,63,88,31,469,"Low","High","High","F",18,"no"
"447",24200,74,120,45,30,79,67,36,557,"Low","High","Low","M",26,"no"
"448",10516,61,58,80,86,89,60,18,205,"High","High","High","M",23,"no"
"449",17340,72,104,71,65,75,83,29,485,"Low","High","High","M",59,"no"
"450",12374,56,116,86,86,88,88,34,385,"High","High","High","M",20,"no"
"451",9903,63,88,82,80,86,66,34,357,"Low","High","High","F",22,"no"
"452",16140,54,102,75,73,58,83,28,414,"Low","High","High","M",19,"no"
"453",9508,70,81,76,77,81,78,31,392,"Low","High","High","F",20,"no"
"454",4469,70,98,63,49,86,84,23,274,"Low","High","High","M",30,"no"
"455",3106,81,108,61,59,64,74,21,64,"Low","High","Low","M",23,"no"
"456",15471,44,128,95,95,96,94,42,761,"High","High","High","M",24,"no"
"457",7509,86,104,32,19,42,52,23,272,"Low","High","Low","F",21,"no"
"458",28491,69,101,80,83,60,81,32,596,"Low","High","High","F",20,"no"
"459",3749,61,109,81,84,83,75,32,141,"Low","Low","High","M",33,"no"
"460",10050,78,116,64,66,48,74,35,349,"Low","High","High","F",21,"no"
"461",3300,26,132,42,54,64,17,35,98,"Low","Low","High","M",25,"no"
"462",10087,94,89,6,9,16,7,14,250,"Low","Low","Low","M",51,"no"
"463",8074,54,109,76,72,85,86,12,246,"High","High","High","F",44,"no"
"464",8683,83,98,29,22,16,45,30,344,"Low","Low","Low","F",27,"no"
"465",22650,85,104,21,27,16,22,19,452,"Low","Low","Low","M",36,"no"
"466",103,31,102,6,9,16,7,1,10,"Low","Low","Low","F",26,"no"
"467",18514,77,34,42,27,48,64,17,382,"Low","High","Low","M",23,"no"
"468",6334,88,86,58,61,70,76,13,155,"Low","High","High","F",21,"yes"
"469",13906,75,97,67,73,39,71,17,456,"Low","High","High","F",35,"no"
"470",6019,40,128,100,100,37,43,40,260,"Low","Low","High","F",52,"no"
"471",521,7,144,17,26,42,15,62,20,"Low","Low","Low","M",55,"no"
"472",7188,69,112,97,98,98,87,25,329,"High","High","High","M",19,"no"
"473",12471,87,90,31,17,16,51,19,296,"Low","High","Low","M",32,"no"
"474",12279,78,100,73,60,88,85,23,519,"Low","High","High","F",23,"no"
"475",10677,88,101,35,38,16,40,28,432,"Low","Low","Low","M",29,"no"
"476",7181,59,128,49,54,72,42,61,200,"Low","Low","High","F",44,"no"
"477",7181,59,128,49,54,72,42,61,200,"Low","Low","High","F",44,"no"
"478",11665,58,106,53,66,50,38,23,257,"Low","High","High","F",20,"no"
"479",13804,53,58,97,97,90,81,16,384,"Low","High","High","M",24,"no"
"480",20422,59,128,75,50,37,88,59,805,"Low","High","High","M",21,"yes"
"481",14692,84,108,41,26,52,63,38,546,"Low","High","Low","M",21,"no"
"482",20772,59,70,71,77,75,55,34,403,"Low","High","High","M",21,"no"
"483",10087,84,83,70,71,66,31,28,282,"High","Low","High","F",19,"no"
"484",18145,62,112,78,84,63,65,28,624,"Low","High","High","M",46,"no"
"485",13742,71,93,98,95,96,100,24,751,"High","High","High","M",25,"no"
"486",51656,84,96,38,44,37,50,17,1098,"Low","High","High","F",28,"no"
"487",16030,85,104,47,30,72,69,25,322,"Low","High","Low","F",21,"no"
"488",17922,76,104,62,73,63,37,23,519,"Low","Low","High","F",20,"yes"
"489",4802,90,116,52,64,57,43,35,305,"Low","Low","High","M",19,"no"
"490",14298,37,103,92,94,91,93,46,539,"High","High","High","M",21,"no"
"491",6115,64,110,95,94,87,97,38,137,"High","High","High","M",21,"no"
"492",10024,87,108,51,58,16,61,32,271,"Low","High","High","F",22,"no"
"493",15086,74,105,64,66,58,61,30,445,"Low","High","High","M",18,"no"
"494",12840,79,96,81,43,60,97,18,372,"Low","High","Low","F",25,"no"
"495",6055,72,98,88,87,91,96,31,269,"Low","High","High","M",25,"no"
"496",11066,80,73,58,44,56,77,19,373,"Low","High","Low","F",37,"no"
"497",10112,71,120,76,78,56,72,43,313,"Low","High","High","M",23,"no"
"498",6130,76,108,89,89,89,88,29,207,"Low","High","High","M",19,"no"
"499",6630,71,101,93,94,95,95,24,192,"Low","High","High","M",21,"no"
"500",5509,41,124,87,85,95,89,31,222,"Low","High","High","F",25,"no"
"501",11593,57,120,82,85,69,56,35,302,"Low","High","High","M",20,"no"
"502",11127,53,110,93,94,71,87,43,296,"Low","High","High","M",21,"no"
"503",10943,78,116,55,61,53,73,40,502,"Low","High","High","F",20,"no"
"504",8280,93,100,30,26,62,36,15,261,"Low","Low","Low","M",48,"no"
"505",5305,88,97,67,53,91,84,27,239,"Low","High","Low","F",24,"no"
"506",6547,94,96,48,54,38,54,18,334,"Low","Low","Low","F",30,"no"
"507",12901,84,96,51,66,16,58,13,452,"Low","High","High","F",36,"no"
"508",21273,76,120,42,33,74,65,45,579,"Low","High","High","M",24,"no"
"509",3891,54,106,97,97,39,94,49,176,"Low","High","High","M",32,"yes"
"510",8520,33,107,58,62,50,55,23,209,"Low","High","High","M",20,"no"
"511",711,14,121,61,49,88,70,18,20,"High","High","Low","F",28,"no"
"512",2176,69,108,53,51,68,53,13,144,"Low","Low","Low","F",45,"no"
"513",16465,58,100,96,92,92,99,22,807,"High","High","High","M",43,"no"
"514",8997,89,101,39,31,16,57,27,344,"Low","Low","Low","F",26,"no"
"515",13524,63,117,79,76,82,91,40,401,"High","High","High","M",22,"no"
"516",9952,56,105,94,95,91,96,27,290,"High","High","High","M",35,"no"
"517",530,24,132,6,9,16,7,18,11,"Low","Low","Low","M",37,"no"
"518",328,31,136,6,9,16,7,44,16,"Low","Low","Low","M",35,"no"
"519",9364,78,116,70,78,38,48,36,414,"Low","High","High","M",23,"no"
"520",5973,77,100,92,93,43,92,24,372,"Low","High","High","F",25,"no"
"521",2057,19,132,77,82,67,85,26,94,"Low","High","High","M",22,"no"
"522",32430,77,102,49,32,72,66,34,695,"Low","High","High","F",22,"yes"
"523",5826,76,112,62,44,44,90,19,272,"Low","High","Low","F",20,"no"
"524",5794,93,82,51,23,75,73,11,334,"Low","High","Low","F",34,"no"
"525",14901,72,116,66,74,59,58,32,338,"Low","High","High","M",20,"no"
"526",6671,89,69,51,64,16,25,14,137,"Low","Low","High","M",19,"yes"
"527",7369,75,112,86,78,97,77,26,253,"High","High","High","M",19,"no"
"528",6018,94,94,23,25,62,23,20,287,"Low","Low","Low","F",30,"yes"
"529",15814,68,120,70,70,78,77,39,504,"Low","High","High","M",34,"no"
"530",6682,89,97,73,73,77,80,18,193,"Low","Low","High","F",26,"no"
"531",4984,95,104,39,26,48,58,15,222,"Low","Low","Low","F",20,"no"
"532",24974,45,120,89,89,89,76,45,565,"High","High","High","M",19,"yes"
"533",4830,43,124,51,62,63,38,15,138,"Low","Low","Low","F",20,"no"
"534",721,35,128,80,72,97,71,13,35,"High","Low","Low","M",25,"no"
"535",5776,38,116,82,81,63,91,42,281,"Low","High","High","M",23,"no"
"536",13992,60,98,85,83,62,88,32,566,"Low","High","High","M",20,"yes"
"537",14108,72,112,58,62,81,59,22,348,"Low","High","High","M",25,"yes"
"538",17687,58,116,92,93,89,97,32,444,"High","High","High","M",19,"no"
"539",22450,69,109,84,88,41,64,25,467,"Low","High","High","F",27,"no"
"540",11638,47,112,91,91,95,81,21,418,"High","High","High","M",19,"no"
"541",5293,59,120,43,49,16,50,28,182,"Low","Low","Low","F",22,"yes"
"542",11119,75,96,81,85,84,69,27,421,"High","High","High","M",35,"no"
"543",10716,79,104,71,73,84,68,29,556,"Low","High","High","F",36,"no"
"544",4614,88,96,76,68,39,92,24,311,"Low","High","Low","F",42,"no"
"545",16242,46,98,97,98,88,92,32,385,"High","High","High","M",19,"no"
"546",4934,94,96,58,44,55,80,22,278,"Low","High","Low","F",23,"no"
"547",15100,80,47,53,64,16,37,18,369,"Low","Low","High","M",21,"yes"
"548",5401,72,59,86,86,69,92,22,172,"Low","High","High","F",24,"no"
"549",5297,72,62,99,99,76,92,13,247,"Low","High","High","F",28,"yes"
"550",7866,88,105,58,57,44,70,27,266,"Low","High","High","F",21,"no"
"551",1303,81,100,78,35,95,82,21,342,"Low","Low","Low","M",35,"no"
"552",10051,54,116,78,79,66,80,27,355,"Low","High","High","M",27,"no"
"553",15964,80,104,58,60,82,48,21,336,"Low","High","High","F",23,"no"
"554",2746,19,132,49,43,43,31,33,62,"Low","Low","High","M",21,"yes"
"555",8464,70,112,80,88,44,80,31,414,"Low","High","High","M",50,"yes"
"556",19868,40,132,91,91,85,92,51,773,"Low","High","High","M",34,"no"
"557",10887,60,58,97,98,88,97,19,374,"Low","High","High","M",23,"no"
"558",22507,51,108,86,82,95,92,26,585,"High","High","High","M",23,"no"
"559",8945,90,100,60,41,92,47,18,463,"High","Low","Low","F",49,"no"
"560",10371,89,100,46,51,40,49,29,222,"Low","Low","High","F",27,"no"
"561",627,27,128,84,89,100,99,21,111,"Low","Low","High","M",25,"yes"
"562",587,52,86,99,99,95,98,29,33,"High","High","High","M",19,"no"
"563",9562,82,116,62,48,79,76,41,474,"Low","High","High","F",25,"no"
"564",4368,16,144,87,86,80,92,60,149,"High","High","High","M",19,"no"
"565",4237,79,106,79,58,93,91,42,309,"Low","High","High","M",29,"no"
"566",5185,78,93,93,93,87,97,13,136,"Low","High","High","M",23,"no"
"567",15649,46,102,92,83,74,98,38,396,"Low","High","High","M",24,"no"
"568",12700,84,84,27,42,16,18,34,344,"Low","Low","Low","M",29,"no"
"569",23918,66,109,67,71,51,61,34,489,"Low","High","High","M",28,"no"
"570",7809,72,108,81,80,80,93,31,301,"Low","High","High","F",20,"no"
"571",5770,77,100,99,99,99,100,21,340,"High","High","High","M",24,"yes"
"572",5685,93,80,43,9,53,68,12,293,"Low","Low","Low","M",36,"no"
"573",15039,61,120,88,90,86,80,35,328,"High","High","High","M",20,"no"
"574",13925,74,104,75,76,69,86,26,322,"Low","High","High","F",22,"no"
"575",16010,46,120,92,68,99,95,44,664,"High","High","High","M",20,"yes"
"576",14819,69,113,55,61,45,53,35,367,"Low","High","High","F",23,"no"
"577",14007,77,98,59,54,16,62,37,296,"Low","High","High","M",22,"no"
"578",24182,82,90,32,40,45,35,24,548,"Low","High","High","F",20,"no"
"579",29871,75,112,51,57,77,47,30,672,"Low","High","High","M",19,"yes"
"580",3666,56,97,79,81,87,63,11,115,"High","Low","High","F",54,"no"
"581",6466,72,98,84,86,85,69,26,256,"Low","High","High","M",21,"no"
"582",13602,88,89,26,21,37,39,10,592,"Low","High","Low","F",46,"no"
"583",12708,57,105,95,95,94,95,28,370,"High","High","High","M",23,"no"
"584",5901,62,108,93,90,91,96,23,219,"High","High","High","F",20,"no"
"585",8492,86,112,59,48,70,75,29,244,"Low","High","Low","F",21,"no"
"586",13457,84,109,39,25,42,60,36,525,"Low","High","Low","F",23,"no"
"587",1295,92,97,72,71,70,81,13,70,"Low","Low","Low","F",25,"no"
"588",9756,91,104,40,39,16,58,27,312,"Low","High","Low","F",21,"no"
"589",14287,52,124,85,89,72,75,36,378,"Low","High","High","F",23,"no"
"590",9151,81,104,70,62,39,86,28,375,"Low","High","High","M",28,"no"
"591",11639,57,108,96,96,97,84,27,369,"High","High","High","M",19,"no"
"592",1802,8,144,65,62,68,80,62,69,"Low","High","High","M",22,"yes"
"593",4010,79,80,69,29,80,91,31,168,"Low","High","Low","F",34,"yes"
"594",21484,68,108,83,85,84,77,28,630,"Low","High","High","M",20,"yes"
"595",34039,79,108,44,35,47,66,23,1063,"Low","High","High","M",19,"no"
"596",5121,90,102,46,46,62,51,33,270,"Low","Low","Low","M",21,"yes"
"597",14764,79,116,63,66,61,46,37,466,"Low","High","High","M",23,"no"
"598",3473,68,106,39,40,46,56,27,180,"Low","Low","Low","F",23,"yes"
"599",3418,95,108,48,32,16,71,17,222,"Low","Low","Low","F",30,"no"
"600",9170,18,136,49,59,78,74,49,340,"High","High","High","F",23,"yes"
"601",8885,81,88,50,52,76,69,28,335,"High","High","High","F",24,"no"
"602",6192,90,116,43,41,63,59,35,230,"Low","Low","Low","M",19,"no"
"603",8500,90,62,41,46,36,48,21,219,"Low","High","Low","M",24,"no"
"604",12193,65,112,68,64,74,79,22,475,"Low","High","High","M",26,"no"
"605",7866,87,112,57,58,76,59,31,365,"Low","Low","High","F",20,"no"
"606",16677,82,116,39,43,16,55,34,754,"Low","High","Low","F",21,"no"
"607",11105,72,96,83,79,16,94,17,466,"Low","High","High","M",51,"no"
"608",5227,50,120,45,40,47,63,30,173,"Low","High","Low","M",24,"no"
"609",11123,85,97,60,59,86,52,21,269,"Low","Low","High","M",21,"no"
"610",24936,78,70,17,17,16,25,25,576,"Low","Low","Low","F",36,"no"
"611",8351,72,108,94,94,97,90,27,264,"High","High","High","M",28,"no"
"612",13825,84,94,32,31,63,45,25,369,"Low","High","Low","F",23,"no"
"613",24254,39,128,92,92,93,95,44,747,"High","High","High","M",20,"no"
"614",11702,82,109,45,52,16,53,34,389,"Low","Low","High","M",20,"yes"
"615",13260,63,96,55,63,60,34,45,329,"Low","High","High","M",29,"no"
"616",18100,73,116,62,67,68,61,29,420,"Low","High","High","M",21,"no"
"617",13066,54,91,98,98,99,98,25,460,"High","High","High","M",20,"no"
"618",14435,85,104,45,27,32,66,22,473,"Low","High","Low","F",34,"no"
"619",11504,85,100,69,72,63,56,20,499,"Low","High","High","F",31,"no"
"620",13792,70,101,71,72,47,80,21,355,"Low","High","High","F",19,"no"
"621",1825,2,144,38,53,41,20,52,35,"Low","Low","High","M",21,"no"
"622",14452,86,90,40,44,57,44,18,340,"Low","High","Low","M",49,"yes"
"623",13694,64,105,83,88,71,65,31,357,"Low","High","High","M",24,"no"
"624",34402,80,112,27,30,48,31,34,778,"Low","High","Low","M",19,"no"
"625",7890,85,96,72,78,47,71,14,211,"Low","High","High","M",42,"no"
"626",4178,92,104,57,55,16,71,28,201,"Low","Low","Low","F",27,"no"
"627",7964,83,97,66,59,71,85,23,345,"Low","High","High","F",35,"no"
"628",26099,41,120,98,99,97,96,37,644,"High","High","High","M",19,"no"
"629",3566,85,124,31,9,16,51,40,220,"Low","Low","Low","M",54,"no"
"630",8003,67,116,95,96,43,95,38,237,"Low","High","High","M",19,"no"
"631",11475,42,72,96,97,91,73,18,350,"High","High","High","M",22,"no"
"632",10957,85,93,54,64,69,80,26,503,"Low","High","Low","M",41,"yes"
"633",10440,86,112,47,31,47,69,28,469,"Low","High","Low","M",22,"no"
"634",19145,52,112,52,22,36,80,14,1257,"Low","High","Low","M",44,"no"
"635",6194,81,76,46,60,73,52,25,219,"Low","High","High","M",23,"no"
"636",2743,99,100,29,38,16,29,18,94,"Low","Low","Low","M",31,"no"
"637",12189,86,93,57,56,87,53,25,299,"Low","Low","High","M",20,"yes"
"638",9558,72,66,75,80,79,55,21,226,"Low","High","High","F",25,"no"
"639",9638,78,104,60,57,46,73,21,258,"Low","High","High","F",19,"no"
"640",6656,88,112,51,65,41,45,36,156,"Low","Low","High","F",22,"no"
"641",6382,79,94,89,78,99,79,27,284,"High","High","High","F",43,"no"
"642",13301,69,116,68,73,34,69,40,302,"Low","High","High","F",21,"no"
"643",15812,74,87,75,69,96,76,26,575,"High","High","High","F",27,"no"
"644",36312,61,97,78,84,75,66,21,944,"Low","High","High","F",27,"yes"
"645",31429,84,68,28,21,38,39,17,768,"Low","High","Low","M",49,"no"
"646",5020,65,113,29,20,16,46,42,225,"Low","Low","Low","F",21,"no"
"647",13498,51,97,95,96,90,84,16,354,"High","High","High","M",20,"no"
"648",6188,85,56,55,48,81,67,28,332,"Low","High","Low","F",53,"yes"
"649",3772,76,105,93,90,86,97,38,131,"Low","High","High","M",19,"no"
"650",11080,77,86,74,76,69,72,22,280,"Low","High","High","M",21,"no"
"651",14410,89,82,27,24,34,40,19,455,"Low","High","Low","F",36,"no"
"652",1007,23,140,20,9,61,21,38,38,"Low","Low","Low","F",20,"yes"
"653",1865,53,128,27,33,16,33,35,65,"Low","Low","Low","M",24,"no"
"654",10789,21,118,78,73,82,78,34,231,"Low","High","High","M",23,"yes"
"655",20660,66,112,72,49,93,84,21,591,"High","High","High","M",27,"no"
"656",13489,88,96,48,39,16,75,26,663,"Low","High","Low","M",50,"no"
"657",12633,73,105,66,63,90,80,30,313,"High","High","High","F",21,"no"
"658",10861,58,120,96,97,64,71,42,472,"Low","High","High","M",19,"no"
"659",4537,85,96,85,84,93,72,23,199,"Low","Low","High","M",28,"no"
"660",4457,48,102,100,100,100,100,38,344,"High","High","High","M",19,"no"
"661",3774,76,63,81,88,60,93,23,232,"Low","High","High","F",23,"no"
"662",16925,68,97,100,100,78,75,26,735,"Low","High","High","M",20,"yes"
"663",15701,49,132,68,70,16,70,55,732,"Low","High","High","M",20,"no"
"664",6244,17,121,80,83,79,44,26,130,"High","High","High","M",27,"no"
"665",1728,9,129,53,62,59,43,36,44,"Low","High","High","M",20,"no"
"666",17012,72,116,65,66,92,56,31,342,"High","High","High","M",24,"no"
"667",6465,39,109,58,28,16,83,19,316,"Low","High","Low","M",28,"no"
"668",3946,95,96,58,54,46,78,6,173,"Low","High","Low","F",65,"no"
"669",9566,60,91,92,39,99,89,28,259,"High","High","Low","M",19,"no"
"670",7075,77,89,87,82,95,94,11,354,"Low","High","High","F",20,"no"
"671",12143,76,105,74,59,78,92,32,309,"Low","High","High","M",21,"no"
"672",1730,87,90,74,80,16,60,20,59,"Low","Low","High","F",21,"yes"
"673",7075,77,100,89,91,82,81,24,200,"High","High","High","M",26,"no"
"674",22084,77,116,46,55,16,54,33,667,"Low","High","High","F",23,"no"
"675",11529,69,87,78,82,81,79,24,282,"High","High","High","M",37,"no"
"676",869,39,81,94,72,76,99,12,57,"Low","High","High","M",47,"no"
"677",17423,72,91,59,69,37,64,36,335,"Low","High","High","M",43,"no"
"678",15629,67,91,84,87,76,63,28,496,"Low","High","High","M",20,"no"
"679",18914,50,121,35,27,54,44,53,797,"Low","High","High","M",20,"no"
"680",10240,86,80,47,35,16,67,24,303,"Low","High","Low","F",32,"yes"
"681",12678,77,101,42,54,16,33,23,308,"Low","Low","High","F",24,"no"
"682",22584,58,112,80,76,67,93,36,774,"Low","High","High","M",27,"no"
"683",11659,72,108,80,79,33,83,27,459,"Low","High","High","F",20,"no"
"684",7520,78,97,74,76,83,66,21,267,"Low","High","High","M",20,"no"
"685",11206,89,96,38,44,44,54,17,518,"Low","High","High","F",25,"no"
"686",4431,71,90,90,92,16,69,17,124,"Low","Low","High","M",19,"no"
"687",6255,93,112,19,23,64,19,33,186,"Low","Low","Low","F",27,"no"
"688",18640,82,97,44,50,16,41,28,421,"Low","High","High","F",20,"yes"
"689",5715,92,86,50,41,40,70,18,329,"Low","Low","Low","M",20,"no"
"690",9941,90,100,50,27,77,63,40,343,"High","High","Low","F",23,"no"
"691",13627,61,116,80,88,74,72,43,462,"Low","High","High","F",20,"no"
"692",8069,85,90,65,73,16,58,20,230,"Low","High","High","M",22,"no"
"693",25618,56,100,88,89,78,65,29,607,"High","High","High","F",25,"no"
"694",8588,47,114,58,63,48,68,39,249,"Low","High","High","M",33,"no"
"695",20803,76,113,53,58,52,57,35,579,"Low","High","High","M",25,"yes"
"696",9689,82,87,59,54,54,76,21,335,"Low","High","High","M",21,"no"
"697",20519,54,128,80,83,76,85,50,672,"Low","High","High","F",20,"yes"
"698",12219,71,108,95,96,72,85,28,303,"Low","High","High","F",20,"no"
"699",7368,84,112,63,29,40,88,39,227,"Low","Low","Low","F",33,"no"
"700",12919,77,51,63,71,49,39,18,333,"Low","Low","High","M",36,"no"
"701",13129,77,100,78,81,84,60,22,236,"Low","High","High","M",21,"yes"
"702",19955,82,87,23,33,16,34,22,395,"Low","High","Low","F",19,"no"
"703",9201,84,112,62,43,56,81,29,410,"Low","High","Low","M",26,"no"
"704",22845,44,48,90,90,90,86,25,531,"High","High","High","M",20,"yes"
"705",1636,80,113,77,53,75,95,37,103,"Low","High","Low","M",30,"no"
"706",17178,80,112,48,48,66,60,26,727,"Low","High","Low","F",32,"no"
"707",9750,77,105,68,59,77,87,30,427,"Low","High","High","F",21,"no"
"708",4932,94,93,46,39,84,40,28,190,"Low","Low","Low","F",21,"no"
"709",13905,92,96,21,20,16,31,16,322,"Low","High","Low","F",19,"no"
"710",4121,94,69,39,9,56,62,23,314,"Low","Low","Low","M",27,"no"
"711",11785,87,47,26,38,52,19,10,260,"Low","Low","Low","F",32,"no"
"712",5450,73,74,65,47,16,85,34,275,"Low","High","Low","M",35,"no"
"713",12426,81,120,43,51,63,49,42,526,"Low","High","High","F",23,"no"
"714",9823,67,109,78,85,87,78,32,228,"High","High","High","M",21,"no"
"715",8769,88,100,56,51,73,69,19,376,"Low","High","High","M",32,"no"
"716",7092,81,89,78,73,62,91,24,219,"Low","High","High","F",20,"no"
"717",15984,60,104,99,98,58,99,29,896,"Low","High","High","F",21,"no"
"718",7059,77,62,74,81,84,75,15,318,"High","High","High","F",25,"no"
"719",8027,78,112,69,76,51,39,24,346,"Low","Low","High","F",26,"no"
"720",11825,60,108,71,71,68,86,23,332,"Low","High","High","M",27,"no"
"721",15927,46,106,94,93,96,94,37,459,"High","High","High","M",22,"no"
"722",3367,26,110,99,98,42,61,44,118,"Low","Low","High","M",39,"no"
"723",2336,86,104,64,50,16,86,22,212,"Low","High","Low","M",31,"no"
"724",20199,58,108,87,87,65,78,37,503,"Low","High","High","F",19,"no"
"725",16523,87,97,29,34,59,34,22,433,"Low","Low","Low","M",24,"no"
"726",4076,82,66,79,79,70,82,23,171,"Low","High","High","M",19,"no"
"727",16116,85,89,71,77,69,44,20,332,"Low","Low","High","M",26,"no"
"728",18602,66,98,72,68,16,87,39,729,"Low","High","High","M",20,"no"
"729",9054,74,97,35,48,44,34,27,172,"Low","Low","Low","M",53,"no"
"730",13236,74,108,61,76,16,43,25,430,"Low","High","High","M",27,"no"
"731",9757,54,120,90,89,90,96,34,652,"High","High","High","M",33,"no"
"732",7593,87,105,59,47,79,56,51,314,"Low","High","High","F",20,"no"
"733",13873,83,104,47,44,69,62,22,581,"Low","High","Low","F",31,"no"
"734",11832,85,77,20,30,45,16,26,287,"Low","Low","Low","M",23,"no"
"735",9684,87,82,58,40,37,80,15,370,"Low","High","Low","F",58,"no"
"736",2629,14,136,30,42,50,14,30,71,"Low","Low","Low","F",30,"no"
"737",17288,62,109,85,84,96,70,38,455,"High","High","High","M",21,"no"
"738",9302,88,116,31,37,48,34,34,389,"Low","Low","Low","F",19,"no"
"739",12130,74,105,73,76,71,79,19,330,"Low","High","High","M",31,"yes"
"740",16145,78,101,49,54,77,40,24,448,"High","High","High","M",22,"no"
"741",11952,63,66,78,70,74,93,32,467,"Low","High","High","F",22,"no"
"742",14423,50,116,91,91,43,89,42,467,"Low","High","High","F",20,"no"
"743",17995,82,112,43,47,43,55,17,405,"Low","High","High","M",28,"no"
"744",4027,71,73,80,80,86,78,21,225,"Low","High","High","M",35,"no"
"745",17031,46,114,89,91,91,68,45,413,"High","High","High","F",20,"no"
"746",18581,38,114,95,96,81,80,52,619,"Low","High","High","F",18,"no"
"747",15304,54,120,81,84,67,77,31,351,"Low","High","High","M",25,"no"
"748",5139,87,96,42,40,80,50,24,236,"Low","Low","Low","F",39,"no"
"749",24061,47,120,89,86,90,91,37,671,"High","High","High","M",23,"no"
"750",9626,84,89,65,50,70,90,20,415,"Low","High","High","F",27,"no"
"751",8873,86,108,56,37,16,80,24,365,"Low","High","Low","M",30,"no"
"752",15987,63,120,71,76,57,65,48,631,"Low","High","High","F",24,"no"
"753",8180,92,104,37,39,58,55,26,164,"Low","High","Low","M",50,"yes"
"754",15783,53,112,87,90,95,83,32,400,"High","High","High","M",18,"no"
"755",10931,69,94,95,81,80,99,24,324,"Low","High","High","F",24,"no"
"756",24277,60,132,61,65,64,57,60,628,"Low","High","High","M",19,"no"
"757",5825,91,97,69,77,16,38,15,109,"Low","Low","Low","M",24,"no"
"758",8834,63,120,99,99,92,99,37,337,"Low","High","High","M",21,"no"
"759",7005,89,94,61,49,81,76,29,202,"Low","High","Low","M",19,"yes"
"760",6047,68,105,42,45,38,57,28,149,"Low","High","Low","F",20,"no"
"761",9690,62,124,86,71,91,97,46,506,"High","High","High","F",21,"yes"
"762",10572,91,96,43,55,39,35,14,306,"Low","Low","High","M",29,"no"
"763",4745,85,125,60,61,79,69,49,212,"Low","High","Low","F",24,"no"
"764",3509,24,121,88,88,81,93,30,106,"Low","High","High","M",18,"yes"
"765",3088,46,94,78,68,94,70,7,119,"High","High","High","M",37,"no"
"766",6710,89,113,42,56,16,27,45,112,"Low","Low","High","M",22,"no"
"767",5276,61,116,88,91,32,76,26,198,"Low","High","High","M",20,"no"
"768",4318,50,113,85,86,76,84,25,144,"Low","High","High","M",32,"no"
"769",14728,64,109,85,82,92,89,37,265,"High","High","High","M",28,"no"
"770",22421,55,104,90,93,91,86,25,525,"High","High","High","M",30,"no"
"771",10767,52,111,89,87,98,76,59,700,"High","High","High","F",20,"no"
"772",3607,67,84,68,65,16,87,19,134,"Low","High","High","M",33,"no"
"773",15480,74,94,65,74,49,57,31,382,"Low","High","High","F",23,"no"
"774",5998,95,93,16,24,16,18,15,172,"Low","Low","Low","F",21,"no"
"775",7421,68,120,96,94,97,97,38,228,"High","High","High","M",20,"no"
"776",15052,80,87,43,37,48,64,23,392,"Low","High","Low","F",21,"no"
"777",15052,80,87,43,37,48,64,23,392,"Low","High","Low","F",21,"no"
"778",10004,90,90,39,42,40,50,22,353,"Low","High","Low","F",25,"no"
"779",9253,88,61,51,31,16,74,22,387,"Low","High","Low","F",31,"yes"
"780",8953,88,55,28,22,16,44,23,238,"Low","High","Low","F",24,"no"
"781",10828,87,100,60,55,68,76,23,463,"Low","High","High","M",34,"no"
"782",13737,64,120,29,40,16,26,29,376,"Low","Low","Low","M",21,"no"
"783",17155,68,108,73,80,56,35,20,308,"Low","Low","High","M",20,"no"
"784",6203,91,102,29,27,41,50,30,184,"Low","Low","Low","M",26,"no"
"785",10894,78,88,60,46,16,80,31,383,"Low","High","Low","M",25,"no"
"786",9051,77,108,64,66,71,66,16,436,"Low","High","High","F",35,"no"
"787",9828,76,102,75,75,83,78,43,310,"Low","High","High","M",19,"no"
"788",5298,94,108,44,49,62,48,35,243,"Low","Low","Low","M",23,"no"
"789",15272,82,108,45,46,16,49,26,483,"Low","High","High","F",39,"no"
"790",14500,65,116,74,74,71,71,44,614,"Low","High","High","F",20,"yes"
"791",6911,94,100,38,42,45,43,21,326,"Low","Low","Low","M",58,"yes"
"792",7080,78,128,73,63,89,81,54,301,"Low","High","High","M",29,"no"
"793",1479,73,108,48,51,72,52,12,67,"Low","Low","Low","F",35,"no"
"794",4428,86,104,77,72,75,87,24,210,"Low","High","High","F",28,"no"
"795",6325,49,109,69,70,82,70,18,309,"Low","Low","High","F",20,"no"
"796",10599,81,116,61,66,37,63,28,339,"Low","High","High","M",20,"no"
"797",4271,87,108,27,24,16,41,31,112,"Low","Low","Low","M",33,"no"
"798",7902,36,120,96,97,64,81,33,386,"Low","High","High","F",21,"no"
"799",12669,68,79,85,84,93,87,21,265,"High","High","High","M",22,"no"
"800",7936,78,96,88,88,16,79,13,215,"Low","High","High","M",65,"no"
"801",11614,87,80,20,29,42,18,19,272,"Low","Low","Low","M",20,"no"
"802",26074,78,116,46,58,32,35,40,559,"Low","High","High","F",22,"yes"
"803",12883,77,105,58,64,68,61,38,419,"Low","High","High","M",32,"no"
"804",19592,60,96,93,95,63,64,15,668,"Low","High","High","F",22,"no"
"805",11731,76,113,64,63,59,74,30,560,"Low","High","High","M",21,"no"
"806",1594,71,97,80,83,71,74,24,55,"Low","High","High","F",21,"no"
"807",20416,70,109,58,56,85,68,25,433,"Low","High","High","F",20,"no"
"808",18586,88,96,23,19,16,35,15,567,"Low","Low","Low","F",31,"yes"
"809",6787,46,88,86,81,73,97,22,205,"Low","High","High","M",23,"no"
"810",20476,81,62,13,9,16,16,22,549,"Low","Low","Low","M",21,"yes"
"811",11986,58,108,76,70,99,98,15,296,"High","High","High","M",20,"no"
"812",3578,86,83,48,9,53,73,20,200,"Low","Low","Low","F",27,"no"
"813",7290,93,93,40,24,16,64,23,252,"Low","High","Low","M",24,"no"
"814",12378,89,100,32,25,48,48,22,623,"Low","Low","Low","M",38,"no"
"815",15944,69,87,73,76,79,59,26,458,"Low","High","High","M",33,"no"
"816",5196,84,87,26,25,61,33,24,156,"Low","Low","Low","F",20,"no"
"817",4257,94,89,61,68,16,46,7,130,"Low","Low","High","M",20,"no"
"818",22974,82,108,28,28,44,37,24,700,"Low","Low","Low","M",26,"no"
"819",14759,59,98,84,81,55,68,27,411,"Low","High","High","F",24,"no"
"820",7047,90,96,59,39,59,79,21,479,"Low","High","Low","F",31,"no"
"821",3636,95,44,25,9,16,41,15,182,"Low","Low","Low","M",30,"no"
"822",220,7,144,14,37,65,7,100,4,"Low","Low","Low","M",21,"yes"
"823",16094,84,108,37,42,16,47,29,379,"Low","High","Low","F",20,"no"
"824",14136,82,116,33,35,16,53,36,532,"Low","High","Low","M",33,"no"
"825",7591,61,128,57,43,51,81,41,186,"Low","High","Low","F",25,"no"
"826",13249,69,108,67,66,35,83,25,397,"Low","High","High","F",20,"no"
"827",6102,95,104,28,9,48,44,30,221,"Low","Low","Low","F",32,"no"
"828",15385,65,104,87,89,59,71,24,473,"Low","High","High","M",32,"no"
"829",4642,95,108,40,40,16,55,28,284,"Low","Low","Low","F",20,"no"
"830",11911,60,124,74,83,58,75,50,413,"Low","High","High","M",23,"no"
"831",10471,55,116,42,31,71,62,23,484,"Low","High","Low","F",22,"no"
"832",9884,79,100,74,74,83,80,22,287,"Low","High","High","M",19,"no"
"833",7893,87,86,77,72,94,66,15,300,"High","High","High","F",20,"no"
"834",7304,80,104,76,81,16,38,25,246,"Low","Low","High","F",23,"no"
"835",9364,84,96,70,77,16,53,17,257,"Low","High","High","F",20,"no"
"836",6088,91,104,58,53,77,75,25,256,"Low","High","Low","M",23,"yes"
"837",5561,82,77,87,82,98,83,33,254,"Low","High","High","M",21,"no"
"838",27562,63,104,73,78,64,86,19,811,"Low","High","High","M",35,"no"
"839",18681,53,101,86,88,82,62,26,521,"High","High","High","M",24,"no"
"840",3719,76,112,92,93,63,86,25,154,"Low","High","High","F",23,"no"
"841",1642,32,128,34,21,16,48,12,91,"Low","Low","Low","F",37,"no"
"842",23544,68,116,67,66,33,75,38,729,"Low","High","High","M",28,"no"
"843",12310,59,112,98,98,70,90,30,432,"Low","High","High","M",20,"no"
"844",11946,72,94,81,84,86,73,22,368,"Low","High","High","M",22,"yes"
"845",20386,39,116,92,94,80,78,29,609,"Low","High","High","M",19,"no"
"846",18734,51,58,95,96,90,91,21,376,"Low","High","High","M",37,"yes"
"847",8224,85,90,63,68,59,53,20,478,"Low","Low","High","F",21,"no"
"848",14607,72,108,71,73,76,73,30,412,"Low","High","High","M",26,"yes"
"849",8781,76,96,95,95,82,66,23,246,"Low","High","High","F",28,"no"
"850",7396,88,101,48,47,70,68,20,261,"Low","High","Low","F",23,"no"
"851",4766,91,104,63,67,69,60,19,153,"Low","Low","Low","M",27,"no"
"852",4380,52,109,87,80,79,96,49,270,"Low","High","High","M",19,"yes"
"853",12646,75,108,72,71,86,61,29,271,"Low","High","High","M",21,"no"
"854",8541,51,98,94,94,73,58,33,226,"Low","High","High","M",20,"no"
"855",14265,81,97,61,63,68,60,21,312,"Low","High","High","M",23,"no"
"856",12664,72,112,76,77,78,80,25,350,"Low","High","High","F",20,"no"
"857",10815,76,104,76,83,63,68,26,287,"Low","High","High","M",20,"no"
"858",3858,91,84,49,38,76,64,27,116,"Low","Low","Low","F",20,"no"
"859",13760,84,101,38,51,16,37,26,395,"Low","Low","High","F",20,"no"
"860",22531,63,116,79,85,64,84,27,533,"Low","High","High","M",19,"no"
"861",8671,47,108,96,95,92,85,20,318,"High","High","High","M",19,"no"
"862",25173,41,128,92,92,97,86,44,980,"High","High","High","F",20,"yes"
"863",7376,37,110,95,92,97,97,42,255,"High","High","High","M",24,"no"
"864",13695,68,112,65,76,35,45,26,422,"Low","High","High","M",23,"no"
"865",9226,76,101,74,52,75,94,22,378,"Low","High","Low","F",36,"no"
"866",6617,83,104,75,74,64,85,17,376,"Low","High","High","F",33,"yes"
"867",31545,80,116,23,34,16,27,34,657,"Low","High","Low","M",33,"no"
"868",9379,68,86,63,63,69,67,21,256,"Low","High","High","F",20,"no"
"869",924,25,132,14,9,16,18,30,59,"Low","Low","Low","M",44,"yes"
"870",6886,79,100,79,83,73,74,33,268,"Low","High","High","M",20,"no"
"871",8043,62,98,74,77,83,62,25,284,"Low","High","High","F",23,"no"
"872",10407,33,120,100,100,100,100,35,393,"High","High","High","M",23,"yes"
"873",18263,76,116,51,62,39,54,36,810,"Low","High","High","M",30,"no"
"874",5327,39,113,95,85,98,99,50,321,"Low","High","High","F",23,"no"
"875",12397,71,66,73,70,81,83,29,462,"Low","High","High","M",47,"no"
"876",4804,72,96,92,93,91,90,4,168,"Low","High","High","M",48,"no"
"877",11009,71,105,73,79,16,71,25,298,"Low","High","High","M",25,"no"
"878",16074,55,106,75,59,94,86,27,390,"High","High","High","M",23,"yes"
"879",3866,64,80,83,82,92,83,12,124,"Low","Low","High","M",21,"no"
"880",10434,88,90,38,48,53,35,18,251,"Low","Low","Low","F",21,"no"
"881",6258,56,103,89,92,73,65,54,141,"Low","High","High","M",24,"no"
"882",23643,55,100,89,85,49,96,24,744,"Low","High","High","M",20,"yes"
"883",7670,95,89,34,23,16,54,12,280,"Low","Low","Low","F",29,"no"
"884",11675,88,104,33,45,16,28,27,323,"Low","Low","Low","F",20,"no"
"885",5823,79,96,85,88,75,80,12,251,"Low","High","High","F",21,"no"
"886",11495,83,41,34,34,38,51,23,263,"Low","High","Low","F",23,"no"
"887",3693,90,104,65,41,16,86,24,189,"Low","High","Low","F",25,"no"
"888",12169,57,116,89,80,98,94,44,360,"High","High","High","M",20,"no"
"889",7859,62,120,69,70,88,61,29,216,"High","High","High","F",22,"no"
"890",10619,90,79,17,19,35,25,23,262,"Low","Low","Low","F",49,"no"
"891",6042,47,113,93,93,95,90,37,148,"High","High","High","M",24,"no"
"892",28978,57,88,78,73,92,93,37,926,"High","High","High","F",24,"no"
"893",10956,53,120,85,84,95,71,34,413,"High","High","High","M",19,"no"
"894",10300,63,97,93,91,98,97,26,396,"High","High","High","F",32,"no"
"895",14328,53,120,95,95,95,87,44,300,"High","High","High","M",28,"no"
"896",7663,76,116,98,95,99,99,39,480,"High","High","High","F",21,"no"
"897",13508,85,97,37,45,16,33,21,509,"Low","High","High","M",35,"no"
"898",18111,67,113,70,71,84,67,37,378,"High","High","High","F",20,"no"
"899",7772,65,109,98,99,98,95,29,233,"High","High","High","M",23,"no"
"900",25819,59,100,93,94,73,77,27,615,"Low","High","High","F",22,"no"
"901",11463,61,86,87,88,88,70,17,419,"High","High","High","M",20,"no"
"902",5431,81,112,54,62,16,56,38,223,"Low","Low","High","F",19,"no"
"903",4628,77,124,60,47,45,80,41,272,"Low","High","Low","M",21,"no"
"904",24559,52,94,90,92,80,92,25,528,"High","High","High","M",24,"no"
"905",5271,92,79,53,62,34,44,25,190,"Low","Low","Low","M",49,"no"
"906",16022,60,108,84,89,82,51,35,345,"Low","High","High","M",21,"no"
"907",15199,67,97,71,69,40,78,22,446,"Low","High","High","F",29,"no"
"908",36238,46,112,98,98,97,93,37,1079,"High","High","High","M",19,"yes"
"909",11592,61,120,96,95,86,92,30,389,"Low","High","High","M",23,"no"
"910",1352,76,105,99,100,100,95,24,110,"High","High","High","M",39,"no"
"911",2595,35,117,53,46,50,73,16,60,"Low","High","Low","F",50,"no"
"912",2953,95,70,33,23,64,48,26,214,"Low","Low","Low","F",57,"no"
"913",15077,81,100,57,24,78,79,24,752,"Low","High","Low","F",30,"no"
"914",5123,92,79,86,24,16,98,15,202,"Low","High","Low","F",21,"no"
"915",5688,76,102,77,77,66,88,34,285,"Low","High","High","M",20,"no"
"916",4415,98,100,16,19,16,21,25,278,"Low","Low","Low","M",28,"no"
"917",13736,52,77,85,79,96,89,33,411,"Low","High","High","F",20,"yes"
"918",18972,76,93,65,61,60,72,23,517,"Low","High","High","M",21,"yes"
"919",8863,70,108,87,81,98,90,29,271,"High","High","High","F",23,"no"
"920",7222,66,120,33,25,59,45,40,204,"Low","Low","Low","F",19,"no"
"921",5358,88,69,59,45,44,82,14,286,"Low","Low","Low","F",25,"no"
"922",7945,88,90,53,56,79,41,25,199,"Low","High","High","F",22,"no"
"923",13179,48,74,99,99,95,96,35,423,"High","High","High","M",21,"no"
"924",6571,94,104,33,19,46,54,17,234,"Low","Low","Low","F",36,"no"
"925",3358,54,124,35,23,16,56,28,152,"Low","Low","Low","M",20,"no"
"926",7679,52,116,99,99,99,98,39,404,"High","High","High","M",21,"yes"
"927",16744,45,120,97,95,92,99,33,669,"Low","High","High","M",20,"no"
"928",22248,55,101,80,80,86,82,21,538,"High","High","High","M",19,"no"
"929",13543,84,116,34,23,16,55,29,467,"Low","High","Low","F",21,"no"
"930",14892,53,90,79,71,32,94,23,523,"Low","High","High","F",27,"no"
"931",8194,87,116,50,54,56,53,36,456,"Low","High","High","F",22,"no"
"932",11727,79,108,66,39,64,88,30,474,"Low","High","Low","M",39,"no"
"933",5281,86,104,48,52,47,57,15,290,"Low","Low","Low","M",33,"yes"
"934",11163,30,105,94,96,87,97,41,361,"High","High","High","F",23,"yes"
"935",9265,86,70,27,36,67,31,31,236,"Low","Low","Low","F",19,"no"
"936",21149,78,23,17,22,16,19,15,396,"Low","Low","Low","M",22,"no"
"937",21411,70,91,56,65,58,59,36,452,"Low","High","High","M",24,"no"
"938",1045,23,118,25,39,43,17,35,19,"Low","Low","Low","M",31,"no"
"939",11696,49,116,84,85,35,87,30,336,"Low","High","High","M",19,"no"
"940",16169,76,83,61,65,72,51,20,349,"Low","High","High","M",21,"no"
"941",1440,60,81,100,100,100,100,29,263,"High","High","High","M",18,"no"
"942",7452,69,83,92,94,90,81,21,327,"Low","High","High","M",21,"no"
"943",6353,58,132,82,82,57,92,51,130,"Low","High","High","M",23,"no"
"944",16814,82,94,34,19,56,54,32,473,"Low","High","Low","M",20,"no"
"945",4031,40,128,98,94,99,99,36,275,"High","High","High","F",20,"no"
"946",15100,77,112,54,55,16,52,33,652,"Low","High","High","M",29,"no"
"947",17007,86,100,33,43,16,32,23,482,"Low","High","Low","F",18,"yes"
"948",13879,79,100,73,79,41,75,16,395,"Low","High","High","M",49,"no"
"949",11481,75,104,61,49,72,80,30,386,"Low","High","High","M",27,"no"
"950",7162,55,124,98,98,82,99,51,243,"Low","High","High","M",21,"no"
"951",18161,41,128,88,92,77,90,49,564,"Low","High","High","M",20,"no"
"952",5095,69,98,62,56,55,79,33,170,"Low","Low","High","M",29,"no"
"953",8826,78,87,45,58,16,54,13,232,"Low","High","High","F",27,"no"
"954",1742,5,144,23,25,60,26,83,119,"Low","Low","Low","F",34,"no"
"955",6374,71,81,89,91,47,83,21,221,"Low","High","High","F",26,"no"
"956",10822,54,120,38,51,54,33,25,349,"Low","Low","High","F",21,"no"
"957",3152,93,96,72,71,87,80,9,150,"Low","High","Low","F",30,"no"
"958",9216,84,96,68,48,61,88,20,427,"Low","High","Low","F",39,"yes"
"959",15813,71,120,64,72,44,47,41,403,"Low","High","High","F",22,"yes"
"960",6305,90,109,51,42,60,71,40,261,"Low","Low","Low","M",25,"no"
"961",11272,88,105,26,39,50,17,23,461,"Low","Low","Low","F",22,"no"
"962",11066,65,113,80,85,16,68,41,419,"Low","High","High","M",28,"no"
"963",4525,49,124,77,73,42,89,39,154,"Low","High","High","F",22,"no"
"964",15922,82,104,49,35,16,72,39,351,"Low","High","Low","M",25,"no"
"965",4945,77,104,52,51,16,65,18,126,"Low","Low","Low","F",26,"no"
"966",7219,73,104,88,91,51,85,30,363,"Low","High","High","M",20,"yes"
"967",15681,85,100,43,55,59,38,24,449,"Low","Low","High","F",27,"yes"
"968",7652,78,104,33,47,16,22,17,211,"Low","Low","Low","F",32,"no"
"969",16465,75,106,50,46,46,69,35,422,"Low","High","High","F",25,"no"
"970",15966,81,108,54,65,72,30,27,504,"Low","Low","High","F",25,"yes"
"971",24397,72,120,54,56,48,63,38,641,"Low","High","High","M",29,"no"
"972",11866,91,96,26,34,16,35,26,349,"Low","Low","Low","M",40,"no"
"973",9221,80,101,63,70,50,53,33,245,"Low","High","High","F",22,"no"
"974",13219,51,120,55,46,81,74,37,366,"Low","High","High","M",25,"no"
"975",15118,77,52,39,54,36,29,22,294,"Low","Low","High","F",21,"no"
"976",11055,89,104,45,39,56,63,27,311,"Low","High","Low","M",19,"no"
"977",20294,83,96,53,58,63,65,15,608,"Low","High","High","M",37,"no"
"978",1089,95,72,37,49,16,32,13,27,"Low","Low","Low","F",29,"no"
"979",4286,28,136,20,9,16,30,52,132,"Low","Low","Low","M",24,"no"
"980",385,43,117,100,100,100,100,35,226,"High","High","High","M",19,"no"
"981",14745,75,93,48,39,56,71,21,509,"Low","High","Low","F",26,"no"
"982",10021,87,105,42,33,16,64,30,492,"Low","High","Low","M",36,"no"
"983",10472,82,58,53,30,41,77,18,469,"Low","High","Low","F",40,"no"
"984",5345,73,83,99,99,94,98,22,217,"High","High","High","M",21,"no"
"985",17507,53,105,99,99,93,97,28,614,"High","High","High","M",20,"no"
"986",2021,21,140,90,88,97,88,83,119,"High","High","High","M",26,"no"
"987",7272,78,108,31,32,75,25,23,194,"Low","Low","Low","M",28,"no"
"988",6917,69,98,78,73,65,87,26,185,"Low","High","High","F",21,"no"
"989",22570,49,90,99,99,79,98,21,585,"Low","High","High","M",21,"no"
"990",10322,75,90,86,90,92,56,24,266,"High","High","High","M",21,"no"
"991",14037,70,116,34,42,40,43,25,305,"Low","Low","High","M",27,"no"
"992",10792,63,81,47,30,43,68,27,568,"Low","High","Low","F",22,"no"
"993",21670,66,104,76,81,38,56,27,726,"Low","High","High","F",23,"no"
"994",10273,57,116,68,72,16,74,26,297,"Low","High","High","F",22,"no"
"995",8481,78,100,83,86,16,77,23,296,"Low","High","High","F",21,"no"
"996",4536,97,96,38,31,53,55,12,204,"Low","Low","Low","F",22,"no"
"997",5448,68,81,74,69,89,81,21,273,"Low","High","High","F",25,"no"
"998",13223,54,112,87,90,41,62,25,364,"Low","High","High","M",22,"yes"
"999",9099,81,112,68,74,65,67,28,219,"Low","High","High","F",18,"no"
"1000",10769,66,112,24,9,50,40,31,247,"Low","Low","Low","F",39,"no"
"1001",4740,11,144,61,68,64,41,77,212,"Low","High","High","M",21,"no"
"1002",10453,70,95,77,68,44,88,37,340,"Low","High","High","F",21,"no"
"1003",9290,78,132,62,49,90,70,44,396,"High","High","Low","M",36,"no"
"1004",5481,58,87,96,96,52,54,13,253,"Low","Low","High","M",19,"no"
"1005",11421,72,105,62,48,65,85,32,211,"Low","High","High","M",23,"no"
"1006",8727,62,120,94,95,91,84,41,540,"High","High","High","M",19,"no"
"1007",8664,58,106,97,97,62,88,41,249,"Low","High","High","M",24,"no"
"1008",16050,77,88,46,55,40,42,34,414,"Low","High","High","F",32,"no"
"1009",14022,85,100,48,56,53,56,26,498,"Low","High","High","F",23,"no"
"1010",14123,62,128,71,9,87,89,48,547,"Low","High","Low","M",22,"no"
"1011",6809,93,90,30,34,49,22,22,346,"Low","Low","Low","M",36,"no"
"1012",935,59,109,89,24,99,74,44,33,"Low","Low","Low","M",21,"no"
"1013",8285,65,128,91,92,55,91,51,422,"Low","High","High","M",19,"no"
"1014",11497,72,83,73,78,16,28,17,617,"Low","Low","High","M",30,"no"
"1015",11930,64,48,78,78,51,86,16,253,"Low","High","High","M",26,"no"
"1016",7081,77,90,32,38,76,21,11,180,"Low","Low","Low","M",22,"no"
"1017",13486,82,101,44,65,16,44,24,291,"Low","High","High","M",49,"no"
"1018",9733,66,108,97,98,47,94,27,388,"Low","High","High","M",24,"no"
"1019",10707,78,109,49,68,60,64,38,391,"Low","High","High","F",19,"no"
"1020",18805,78,116,40,45,46,48,30,407,"Low","High","High","F",21,"no"
"1021",14717,64,87,83,86,50,54,23,327,"Low","High","High","M",34,"no"
"1022",2968,11,144,55,63,46,52,57,122,"Low","High","High","M",20,"no"
"1023",6831,34,120,98,98,69,93,25,261,"Low","High","High","M",21,"yes"
"1024",8211,95,96,28,22,43,42,11,391,"Low","Low","Low","M",24,"no"
"1025",10868,59,98,94,91,89,98,25,335,"High","High","High","M",20,"no"
"1026",11558,70,104,88,92,50,51,32,284,"Low","Low","High","M",23,"no"
"1027",7367,93,104,35,23,16,56,28,221,"Low","Low","Low","F",25,"no"
"1028",8659,86,120,41,48,16,59,32,294,"Low","Low","Low","F",20,"no"
"1029",11617,86,91,34,33,16,47,23,301,"Low","High","Low","F",21,"no"
"1030",2354,86,68,85,71,97,94,7,218,"Low","High","Low","F",31,"no"
"1031",9152,53,136,89,84,92,99,49,435,"High","High","High","M",21,"yes"
"1032",18013,64,94,78,78,67,80,34,406,"High","High","High","M",50,"no"
"1033",22804,47,120,96,98,87,97,38,892,"High","High","High","M",19,"no"
"1034",12438,42,128,94,95,91,92,46,331,"High","High","High","M",20,"yes"
"1035",8975,86,98,67,74,44,44,19,318,"Low","Low","Low","F",23,"no"
"1036",8324,86,124,36,39,39,43,45,307,"Low","Low","Low","M",29,"no"
"1037",2180,72,109,78,73,95,71,51,119,"Low","Low","Low","M",29,"no"
"1038",5729,93,98,30,28,61,32,26,149,"Low","Low","Low","M",19,"no"
"1039",12644,75,116,46,51,16,53,27,512,"Low","High","High","M",38,"no"
"1040",14081,84,96,55,63,16,49,8,521,"Low","High","High","F",31,"no"
"1041",9979,68,108,86,87,70,89,33,288,"Low","High","High","M",21,"no"
"1042",17633,69,95,56,68,82,62,31,625,"Low","High","High","M",22,"no"
"1043",22191,49,109,88,88,93,83,39,566,"High","High","High","M",19,"no"
"1044",15092,86,100,36,54,46,41,18,465,"Low","High","Low","M",19,"no"
"1045",7812,62,101,54,42,44,71,30,296,"Low","High","Low","F",32,"no"
"1046",15280,49,112,88,91,96,89,23,389,"High","High","High","M",23,"no"
"1047",11671,84,112,50,50,57,61,32,477,"Low","High","High","F",20,"no"
"1048",12082,25,128,96,95,87,96,31,522,"Low","High","High","M",31,"no"
"1049",3267,84,93,71,76,78,48,12,95,"Low","Low","Low","F",20,"yes"
"1050",12284,17,140,48,66,50,45,44,255,"Low","High","High","M",21,"yes"
"1051",23187,71,113,53,50,42,73,43,653,"Low","High","High","F",21,"no"
"1052",5229,54,102,91,90,82,94,38,172,"Low","High","High","F",24,"no"
"1053",8147,92,90,19,9,16,28,13,309,"Low","Low","Low","F",25,"no"
"1054",8091,39,124,77,56,85,92,36,484,"Low","High","High","F",38,"yes"
"1055",17195,80,87,42,49,57,30,28,421,"Low","Low","High","M",47,"no"
"1056",6886,83,108,49,56,71,68,15,220,"Low","High","Low","M",30,"no"
"1057",9004,62,110,15,9,16,20,42,317,"Low","Low","Low","F",24,"no"
"1058",14938,81,101,50,63,58,47,23,401,"Low","High","High","M",19,"no"
"1059",11149,68,84,78,82,85,76,26,352,"Low","High","High","F",19,"no"
"1060",3624,98,86,21,9,65,31,17,185,"Low","Low","Low","F",29,"no"
"1061",25961,50,91,78,76,46,75,19,762,"Low","High","High","M",24,"no"
"1062",12774,55,87,99,99,91,97,24,283,"High","High","High","M",20,"no"
"1063",11184,91,104,36,38,41,50,30,362,"Low","Low","Low","M",39,"yes"
"1064",12632,61,79,99,99,99,98,16,399,"High","High","High","M",24,"no"
"1065",24725,77,98,37,38,58,47,31,691,"Low","High","Low","F",21,"no"
"1066",18813,75,104,65,72,64,44,21,372,"Low","High","High","M",20,"no"
"1067",19715,55,104,87,89,94,76,21,353,"High","High","High","F",45,"no"
"1068",5391,74,104,84,73,84,98,14,196,"Low","High","High","M",28,"no"
"1069",3248,93,97,57,52,53,74,22,291,"Low","Low","Low","F",46,"no"
"1070",19508,69,104,73,78,57,75,24,403,"Low","High","High","F",19,"no"
"1071",11126,75,93,66,65,59,78,16,332,"Low","High","High","F",34,"no"
"1072",9013,82,97,72,78,44,54,19,255,"Low","Low","High","F",21,"no"
"1073",37085,55,105,96,95,75,91,35,802,"Low","High","High","M",19,"no"
"1074",3251,93,89,67,24,16,91,20,210,"Low","High","Low","M",50,"no"
"1075",11568,67,116,79,69,45,94,30,577,"Low","High","High","M",27,"no"
"1076",13174,49,113,93,90,97,98,38,444,"High","High","High","M",23,"no"
"1077",19930,74,99,45,54,16,44,32,528,"Low","High","High","F",21,"no"
"1078",11065,70,128,72,77,53,37,45,373,"Low","Low","High","F",19,"no"
"1079",15142,88,112,43,21,38,65,37,478,"Low","High","Low","M",29,"no"
"1080",7689,62,81,97,96,96,97,28,263,"High","High","High","M",18,"yes"
"1081",5225,90,102,52,56,43,57,37,144,"Low","Low","High","M",23,"no"
"1082",2428,13,133,77,78,61,44,47,83,"Low","Low","High","F",22,"yes"
"1083",12409,83,100,58,28,41,80,18,557,"Low","High","Low","F",34,"no"
"1084",7840,93,100,41,46,67,39,19,234,"Low","Low","High","M",25,"no"
"1085",7181,90,91,34,29,43,51,30,261,"Low","Low","Low","M",23,"no"
"1086",39245,41,120,89,90,90,89,35,1122,"High","High","High","M",37,"yes"
"1087",3414,84,87,69,44,96,50,17,114,"Low","Low","Low","F",21,"no"
"1088",6406,90,108,54,62,76,46,24,189,"Low","Low","High","M",46,"no"
"1089",11443,72,108,77,80,32,82,25,396,"Low","High","High","M",25,"no"
"1090",11129,78,94,43,36,37,60,17,282,"Low","High","Low","M",30,"no"
"1091",19748,81,104,41,37,45,54,17,534,"Low","High","Low","F",21,"no"
"1092",3689,94,104,58,50,60,74,17,169,"Low","Low","Low","F",20,"no"
"1093",18330,69,93,34,30,58,47,25,525,"Low","High","Low","M",57,"no"
"1094",4218,95,116,28,37,38,27,30,165,"Low","Low","Low","F",23,"yes"
"1095",14084,29,117,97,94,99,98,34,541,"High","High","High","M",19,"no"
"1096",406,52,105,97,97,98,97,32,250,"High","High","High","F",22,"no"
"1097",11229,74,108,69,75,73,75,26,301,"Low","High","High","M",22,"no"
"1098",6620,80,93,81,47,53,98,22,233,"Low","High","Low","F",21,"no"
"1099",3208,38,128,20,9,16,31,24,106,"Low","Low","Low","M",20,"no"
"1100",1068,16,133,73,38,89,85,23,48,"High","Low","Low","F",20,"no"
"1101",9449,76,109,75,65,86,77,39,298,"Low","High","High","M",50,"no"
"1102",7614,25,103,64,67,66,64,20,144,"Low","High","High","F",24,"no"
"1103",7272,39,113,51,46,76,59,14,289,"Low","Low","High","M",44,"no"
"1104",9238,75,104,38,42,62,52,18,304,"Low","High","Low","M",19,"yes"
"1105",5947,91,93,63,34,16,87,19,307,"Low","High","Low","F",26,"no"
"1106",16937,82,120,33,23,78,36,35,370,"Low","High","Low","M",23,"no"
"1107",11570,59,76,89,88,94,93,24,610,"Low","High","High","F",29,"yes"
"1108",582,73,90,81,79,88,89,14,441,"Low","Low","Low","M",42,"no"
"1109",5389,86,109,61,71,16,33,39,177,"Low","Low","Low","M",26,"no"
"1110",12778,52,88,92,94,85,81,27,380,"High","High","High","M",46,"no"
"1111",20177,63,121,62,70,63,27,42,410,"Low","High","High","M",30,"no"
"1112",17723,76,66,49,57,64,36,30,432,"Low","High","High","M",19,"no"
"1113",25265,42,106,93,92,94,89,36,688,"High","High","High","M",18,"no"
"1114",8613,61,91,93,92,85,96,30,473,"Low","High","High","M",21,"no"
"1115",7748,87,83,54,37,16,76,22,237,"Low","High","Low","M",23,"no"
"1116",10861,75,68,75,74,16,89,14,312,"Low","High","High","M",31,"no"
"1117",6154,79,72,81,78,94,77,21,328,"Low","High","High","F",20,"no"
"1118",6395,84,116,15,21,16,18,28,183,"Low","Low","Low","F",22,"no"
"1119",17796,83,120,31,31,16,43,39,587,"Low","High","Low","M",23,"no"
"1120",7506,76,110,43,50,73,36,34,405,"Low","Low","Low","F",26,"no"
"1121",9754,92,100,39,20,49,62,15,278,"Low","High","Low","M",24,"no"
"1122",6260,63,90,99,100,100,99,22,445,"High","High","High","M",19,"no"
"1123",6232,34,100,100,99,100,100,22,388,"High","High","High","M",20,"no"
"1124",9099,61,77,93,94,64,91,35,319,"Low","High","High","F",19,"no"
"1125",11708,85,109,39,31,16,58,35,286,"Low","Low","Low","F",19,"no"
"1126",29171,69,128,52,63,35,42,49,862,"Low","High","High","M",19,"no"
"1127",9263,66,97,97,98,87,91,26,324,"High","High","High","M",18,"yes"
"1128",4907,93,58,37,52,16,36,24,219,"Low","Low","Low","F",20,"no"
"1129",9758,91,90,29,37,16,32,28,365,"Low","Low","Low","M",41,"no"
"1130",20235,65,101,75,74,75,73,25,753,"Low","High","High","M",32,"no"
"1131",4340,91,89,67,62,79,79,12,276,"Low","High","Low","F",39,"no"
"1132",19923,86,100,35,28,60,41,24,451,"Low","High","Low","F",32,"no"
"1133",14777,79,120,37,49,42,39,37,317,"Low","High","Low","F",21,"no"
"1134",11613,63,105,88,87,71,82,34,379,"Low","High","High","F",18,"no"
"1135",2838,27,140,43,29,54,17,49,78,"Low","High","Low","M",22,"no"
"1136",12951,82,124,31,26,16,46,49,467,"Low","High","Low","F",29,"no"
"1137",26481,34,128,94,95,41,83,39,660,"Low","High","High","M",18,"no"
"1138",8449,85,108,60,56,52,75,23,439,"Low","High","Low","F",19,"no"
"1139",8596,93,96,41,44,73,32,14,256,"Low","Low","Low","F",22,"no"
"1140",7643,44,108,71,67,49,86,17,230,"Low","High","High","M",21,"no"
"1141",6844,76,116,90,90,73,84,35,218,"Low","Low","High","M",21,"no"
"1142",18082,75,112,63,51,52,82,27,456,"Low","High","High","F",24,"yes"
"1143",24791,50,116,79,72,78,89,25,928,"High","High","High","M",20,"yes"
"1144",5029,91,87,50,58,48,52,23,178,"Low","Low","Low","M",19,"yes"
"1145",6716,85,63,47,38,61,68,19,228,"Low","High","Low","F",35,"no"
"1146",8749,65,63,94,94,89,97,28,211,"Low","High","High","M",24,"no"
"1147",6960,84,96,77,68,94,67,12,188,"High","High","High","M",63,"no"
"1148",11207,86,97,58,53,69,70,23,296,"Low","High","High","F",43,"no"
"1149",8744,43,120,13,19,16,14,33,203,"Low","Low","Low","M",27,"no"
"1150",18232,75,113,51,39,59,72,42,502,"Low","High","Low","M",21,"no"
"1151",33892,65,80,66,69,35,59,24,716,"Low","High","High","F",22,"no"
"1152",21538,39,106,98,98,93,93,36,617,"High","High","High","M",19,"yes"
"1153",17206,83,105,26,37,34,44,36,475,"Low","High","Low","M",22,"no"
"1154",16193,61,124,78,81,66,77,52,592,"Low","High","High","M",46,"no"
"1155",20649,80,112,33,46,35,26,29,530,"Low","Low","High","M",23,"no"
"1156",6037,72,101,58,54,84,67,29,269,"Low","High","High","M",25,"no"
"1157",5642,37,124,89,86,95,96,27,423,"High","High","High","M",28,"no"
"1158",15292,64,120,77,75,79,82,33,425,"Low","High","High","F",20,"no"
"1159",4166,87,63,59,66,43,62,39,197,"Low","Low","Low","M",51,"no"
"1160",3210,95,96,25,9,78,7,3,64,"Low","Low","Low","F",39,"no"
"1161",9606,43,106,63,53,16,36,35,189,"Low","Low","High","F",19,"no"
"1162",8653,71,109,86,86,80,84,40,239,"High","High","High","M",19,"no"
"1163",17132,67,117,63,58,54,78,40,545,"Low","High","High","F",22,"no"
"1164",4699,62,109,22,28,42,19,12,100,"Low","Low","Low","M",20,"no"
"1165",13851,52,109,90,90,80,74,28,426,"Low","High","High","M",20,"no"
"1166",12832,55,108,93,92,90,77,28,371,"Low","High","High","M",21,"no"
"1167",22646,49,91,91,93,72,84,23,543,"Low","High","High","M",22,"no"
"1168",348,18,144,70,72,16,64,62,25,"Low","Low","Low","M",23,"no"
"1169",2657,62,73,82,48,95,93,19,126,"Low","Low","Low","M",21,"no"
"1170",3180,61,121,25,9,16,41,27,100,"Low","Low","Low","F",54,"no"
"1171",13760,76,90,68,62,48,82,26,288,"High","High","High","F",49,"yes"
"1172",10995,60,120,91,91,16,94,39,291,"Low","High","High","M",53,"no"
"1173",25048,78,120,26,25,16,38,34,559,"Low","High","Low","M",55,"no"
"1174",7330,91,101,36,26,54,54,22,199,"Low","High","Low","M",47,"no"
"1175",7378,84,44,62,61,45,78,22,255,"Low","High","High","M",61,"yes"
"1176",7176,68,116,95,91,99,97,27,261,"High","High","High","F",48,"no"
"1177",16177,51,102,94,95,72,85,31,485,"Low","High","High","F",25,"no"
